ISO-10303-21;
HEADER;
/* Generated by software containing ST-Developer
 * from STEP Tools, Inc. (www.steptools.com) 
 */

FILE_DESCRIPTION(
/* description */ (''),
/* implementation_level */ '2;1');

FILE_NAME(
/* name */ 'phonestand.step',
/* time_stamp */ '2026-05-18T20:24:32+05:30',
/* author */ (''),
/* organization */ (''),
/* preprocessor_version */ 'ST-DEVELOPER v20.1',
/* originating_system */ 'Autodesk Translation Framework v15.8.0.0',
/* authorisation */ '');

FILE_SCHEMA (('AUTOMOTIVE_DESIGN { 1 0 10303 214 3 1 1 }'));
ENDSEC;

DATA;
#10=MECHANICAL_DESIGN_GEOMETRIC_PRESENTATION_REPRESENTATION('',(#13),#1578);
#11=SHAPE_REPRESENTATION_RELATIONSHIP('SRR','None',#1585,#12);
#12=ADVANCED_BREP_SHAPE_REPRESENTATION('',(#14),#1577);
#13=STYLED_ITEM('',(#1594),#14);
#14=MANIFOLD_SOLID_BREP('Body2',#451);
#15=TOROIDAL_SURFACE('',#499,48.,2.);
#16=TOROIDAL_SURFACE('',#506,45.,5.);
#17=CONICAL_SURFACE('',#497,7.5,0.785398163397448);
#18=CONICAL_SURFACE('',#498,7.5,0.785398163397448);
#19=B_SPLINE_SURFACE_WITH_KNOTS('',3,3,((#1092,#1093,#1094,#1095,#1096,
#1097,#1098,#1099,#1100,#1101,#1102,#1103,#1104,#1105,#1106,#1107,#1108),
(#1109,#1110,#1111,#1112,#1113,#1114,#1115,#1116,#1117,#1118,#1119,#1120,
#1121,#1122,#1123,#1124,#1125),(#1126,#1127,#1128,#1129,#1130,#1131,#1132,
#1133,#1134,#1135,#1136,#1137,#1138,#1139,#1140,#1141,#1142),(#1143,#1144,
#1145,#1146,#1147,#1148,#1149,#1150,#1151,#1152,#1153,#1154,#1155,#1156,
#1157,#1158,#1159),(#1160,#1161,#1162,#1163,#1164,#1165,#1166,#1167,#1168,
#1169,#1170,#1171,#1172,#1173,#1174,#1175,#1176),(#1177,#1178,#1179,#1180,
#1181,#1182,#1183,#1184,#1185,#1186,#1187,#1188,#1189,#1190,#1191,#1192,
#1193)),.UNSPECIFIED.,.F.,.T.,.F.,(4,1,1,4),(4,1,1,1,1,1,1,1,1,1,1,1,1,
1,4),(0.,0.285714285714286,0.571428571428571,1.),(-3.14159265358979,-2.69279370307697,
-2.24399475256414,-1.79519580205131,-1.34639685153848,-1.0471975511966,
-0.448798950512828,0.149599650170943,0.448798950512828,0.897597901025655,
1.34639685153848,1.79519580205131,2.24399475256414,2.69279370307697,3.14159265358979),
 .UNSPECIFIED.);
#20=B_SPLINE_SURFACE_WITH_KNOTS('',3,3,((#1231,#1232,#1233,#1234,#1235,
#1236,#1237,#1238,#1239,#1240,#1241,#1242,#1243,#1244,#1245,#1246,#1247,
#1248),(#1249,#1250,#1251,#1252,#1253,#1254,#1255,#1256,#1257,#1258,#1259,
#1260,#1261,#1262,#1263,#1264,#1265,#1266),(#1267,#1268,#1269,#1270,#1271,
#1272,#1273,#1274,#1275,#1276,#1277,#1278,#1279,#1280,#1281,#1282,#1283,
#1284),(#1285,#1286,#1287,#1288,#1289,#1290,#1291,#1292,#1293,#1294,#1295,
#1296,#1297,#1298,#1299,#1300,#1301,#1302),(#1303,#1304,#1305,#1306,#1307,
#1308,#1309,#1310,#1311,#1312,#1313,#1314,#1315,#1316,#1317,#1318,#1319,
#1320),(#1321,#1322,#1323,#1324,#1325,#1326,#1327,#1328,#1329,#1330,#1331,
#1332,#1333,#1334,#1335,#1336,#1337,#1338),(#1339,#1340,#1341,#1342,#1343,
#1344,#1345,#1346,#1347,#1348,#1349,#1350,#1351,#1352,#1353,#1354,#1355,
#1356),(#1357,#1358,#1359,#1360,#1361,#1362,#1363,#1364,#1365,#1366,#1367,
#1368,#1369,#1370,#1371,#1372,#1373,#1374),(#1375,#1376,#1377,#1378,#1379,
#1380,#1381,#1382,#1383,#1384,#1385,#1386,#1387,#1388,#1389,#1390,#1391,
#1392),(#1393,#1394,#1395,#1396,#1397,#1398,#1399,#1400,#1401,#1402,#1403,
#1404,#1405,#1406,#1407,#1408,#1409,#1410),(#1411,#1412,#1413,#1414,#1415,
#1416,#1417,#1418,#1419,#1420,#1421,#1422,#1423,#1424,#1425,#1426,#1427,
#1428),(#1429,#1430,#1431,#1432,#1433,#1434,#1435,#1436,#1437,#1438,#1439,
#1440,#1441,#1442,#1443,#1444,#1445,#1446),(#1447,#1448,#1449,#1450,#1451,
#1452,#1453,#1454,#1455,#1456,#1457,#1458,#1459,#1460,#1461,#1462,#1463,
#1464),(#1465,#1466,#1467,#1468,#1469,#1470,#1471,#1472,#1473,#1474,#1475,
#1476,#1477,#1478,#1479,#1480,#1481,#1482),(#1483,#1484,#1485,#1486,#1487,
#1488,#1489,#1490,#1491,#1492,#1493,#1494,#1495,#1496,#1497,#1498,#1499,
#1500),(#1501,#1502,#1503,#1504,#1505,#1506,#1507,#1508,#1509,#1510,#1511,
#1512,#1513,#1514,#1515,#1516,#1517,#1518),(#1519,#1520,#1521,#1522,#1523,
#1524,#1525,#1526,#1527,#1528,#1529,#1530,#1531,#1532,#1533,#1534,#1535,
#1536)),.UNSPECIFIED.,.T.,.F.,.F.,(4,1,1,1,1,1,1,1,1,1,1,1,1,1,4),(4,1,
1,1,1,1,1,1,1,1,1,1,1,1,1,4),(-3.14159265358979,-2.69279370307697,-2.24399475256414,
-1.79519580205131,-1.34639685153848,-1.0471975511966,-0.448798950512828,
-0.149599650170943,0.448798950512828,0.897597901025655,1.34639685153848,
1.79519580205131,2.24399475256414,2.69279370307697,3.14159265358979),(0.,
0.13575814342079,0.271516286841581,0.407274430262371,0.452527144735968,
0.497779859209565,0.520406216446364,0.543032573683162,0.633538002630356,
0.678790717103952,0.71273025295915,0.746669788814348,0.780609324669545,
0.814548860524743,0.882427932235138,0.950307003945533),.UNSPECIFIED.);
#21=FACE_BOUND('',#105,.T.);
#22=FACE_BOUND('',#106,.T.);
#23=FACE_BOUND('',#107,.T.);
#24=FACE_BOUND('',#115,.T.);
#25=FACE_BOUND('',#116,.T.);
#26=FACE_BOUND('',#117,.T.);
#27=CYLINDRICAL_SURFACE('',#488,7.5);
#28=CYLINDRICAL_SURFACE('',#503,50.);
#29=(
BOUNDED_CURVE()
B_SPLINE_CURVE(5,(#708,#709,#710,#711,#712,#713,#714,#715,#716,#717,#718,
#719,#720,#721,#722),.UNSPECIFIED.,.F.,.F.)
B_SPLINE_CURVE_WITH_KNOTS((6,1,1,1,1,1,1,1,1,1,6),(0.,0.1,0.2,0.3,0.4,0.5,
0.6,0.7,0.8,0.9,1.),.UNSPECIFIED.)
CURVE()
GEOMETRIC_REPRESENTATION_ITEM()
RATIONAL_B_SPLINE_CURVE((1.,1.,1.,1.,1.,1.,1.,1.,1.,1.,1.,1.,1.,1.,1.))
REPRESENTATION_ITEM('')
);
#30=(
BOUNDED_CURVE()
B_SPLINE_CURVE(5,(#774,#775,#776,#777,#778,#779,#780,#781,#782,#783,#784,
#785,#786,#787,#788),.UNSPECIFIED.,.F.,.F.)
B_SPLINE_CURVE_WITH_KNOTS((6,1,1,1,1,1,1,1,1,1,6),(0.,0.1,0.2,0.3,0.4,0.5,
0.6,0.7,0.8,0.9,1.),.UNSPECIFIED.)
CURVE()
GEOMETRIC_REPRESENTATION_ITEM()
RATIONAL_B_SPLINE_CURVE((1.,1.,1.,1.,1.,1.,1.,1.,1.,1.,1.,1.,1.,1.,1.))
REPRESENTATION_ITEM('')
);
#31=(
BOUNDED_CURVE()
B_SPLINE_CURVE(5,(#846,#847,#848,#849,#850,#851,#852,#853,#854,#855,#856,
#857,#858,#859,#860),.UNSPECIFIED.,.F.,.F.)
B_SPLINE_CURVE_WITH_KNOTS((6,1,1,1,1,1,1,1,1,1,6),(0.,0.1,0.2,0.3,0.4,0.5,
0.6,0.7,0.8,0.9,1.),.UNSPECIFIED.)
CURVE()
GEOMETRIC_REPRESENTATION_ITEM()
RATIONAL_B_SPLINE_CURVE((1.,1.,1.,1.,1.,1.,1.,1.,1.,1.,1.,1.,1.,1.,1.))
REPRESENTATION_ITEM('')
);
#32=(
BOUNDED_CURVE()
B_SPLINE_CURVE(5,(#910,#911,#912,#913,#914,#915,#916,#917,#918,#919,#920,
#921,#922,#923,#924),.UNSPECIFIED.,.F.,.F.)
B_SPLINE_CURVE_WITH_KNOTS((6,1,1,1,1,1,1,1,1,1,6),(0.,0.1,0.2,0.3,0.4,0.5,
0.6,0.7,0.8,0.9,1.),.UNSPECIFIED.)
CURVE()
GEOMETRIC_REPRESENTATION_ITEM()
RATIONAL_B_SPLINE_CURVE((1.,1.,1.,1.,1.,1.,1.,1.,1.,1.,1.,1.,1.,1.,1.))
REPRESENTATION_ITEM('')
);
#33=B_SPLINE_CURVE_WITH_KNOTS('',3,(#689,#690,#691,#692,#693,#694,#695,
#696,#697,#698,#699,#700,#701,#702,#703,#704,#705,#706),.UNSPECIFIED.,.F.,
 .F.,(4,2,2,2,2,2,2,2,4),(0.,0.27775321891878,0.428521828743333,0.520157117254021,
0.584156317737916,0.645491799114742,0.730173085042767,0.892362871752102,
1.22600133243988),.UNSPECIFIED.);
#34=B_SPLINE_CURVE_WITH_KNOTS('',3,(#755,#756,#757,#758,#759,#760,#761,
#762,#763,#764,#765,#766,#767,#768,#769,#770,#771,#772),.UNSPECIFIED.,.F.,
 .F.,(4,2,2,2,2,2,2,2,4),(0.,0.271807825737025,0.354400403241874,0.404474451161842,
0.444092564114377,0.486176437329463,0.553017287833268,0.699396230037427,
0.932677407415173),.UNSPECIFIED.);
#35=B_SPLINE_CURVE_WITH_KNOTS('',3,(#827,#828,#829,#830,#831,#832,#833,
#834,#835,#836,#837,#838,#839,#840,#841,#842,#843,#844),.UNSPECIFIED.,.F.,
 .F.,(4,2,2,2,2,2,2,2,4),(0.,0.267192199501514,0.36916934598729,0.425193622688066,
0.464797946828173,0.50316689438775,0.55692859386024,0.661169493287589,0.921670054483545),
 .UNSPECIFIED.);
#36=B_SPLINE_CURVE_WITH_KNOTS('',3,(#892,#893,#894,#895,#896,#897,#898,
#899,#900,#901,#902,#903,#904,#905,#906,#907,#908,#909),.UNSPECIFIED.,.F.,
 .F.,(4,2,2,2,2,2,2,2,4),(0.,0.263791661268032,0.355926262398784,0.410600914537547,
0.449789274918621,0.488206889400248,0.542944678918864,0.650705703701146,
0.91887099866767),.UNSPECIFIED.);
#37=B_SPLINE_CURVE_WITH_KNOTS('',3,(#964,#965,#966,#967,#968,#969,#970,
#971,#972,#973,#974,#975,#976,#977,#978,#979,#980,#981,#982,#983,#984,#985,
#986,#987,#988,#989,#990,#991,#992,#993,#994,#995,#996,#997,#998,#999,#1000,
#1001,#1002,#1003,#1004,#1005,#1006,#1007,#1008,#1009,#1010,#1011,#1012,
#1013,#1014,#1015,#1016,#1017,#1018,#1019,#1020,#1021,#1022,#1023,#1024,
#1025,#1026,#1027),.UNSPECIFIED.,.F.,.F.,(4,3,3,3,3,3,3,3,3,3,3,3,3,3,3,
3,3,3,3,3,3,4),(0.,0.0640382177497234,0.125159175273394,0.186463925742592,
0.247221856309514,0.300721782423051,0.361710086571279,0.40573333894532,
0.466697258958605,0.527616545077187,0.587859314089896,0.598131177123797,
0.658828611865482,0.719468244637992,0.745851454890375,0.80659599778751,
0.866989240298069,0.891015229600608,0.951541317745201,1.01229499530593,
1.07271957938476,1.08461982524821),.UNSPECIFIED.);
#38=B_SPLINE_CURVE_WITH_KNOTS('',3,(#1028,#1029,#1030,#1031,#1032,#1033,
#1034,#1035,#1036,#1037,#1038,#1039,#1040,#1041,#1042,#1043,#1044,#1045,
#1046,#1047,#1048,#1049,#1050,#1051,#1052,#1053,#1054,#1055,#1056,#1057,
#1058,#1059,#1060,#1061,#1062,#1063,#1064,#1065,#1066,#1067,#1068,#1069,
#1070,#1071,#1072,#1073,#1074,#1075,#1076,#1077,#1078,#1079,#1080,#1081,
#1082,#1083,#1084,#1085,#1086,#1087,#1088,#1089,#1090,#1091),
 .UNSPECIFIED.,.F.,.F.,(4,3,3,3,3,3,3,3,3,3,3,3,3,3,3,3,3,3,3,3,3,4),(1.08461982524821,
1.14528552666848,1.18074646508377,1.24139141330585,1.30206833070419,1.36269729433813,
1.42332625797208,1.47036551371281,1.52991971905722,1.59065797681684,1.65157985965586,
1.71198004073147,1.76291305345501,1.76327055808799,1.82348705350661,1.8843006410814,
1.94536163828068,1.96546712771291,2.02660063510229,2.08772495279143,2.10442170378296,
2.168427669982),.UNSPECIFIED.);
#39=B_SPLINE_CURVE_WITH_KNOTS('',3,(#1197,#1198,#1199,#1200,#1201,#1202,
#1203,#1204,#1205,#1206,#1207,#1208,#1209,#1210,#1211,#1212,#1213),
 .UNSPECIFIED.,.T.,.F.,(4,1,1,1,1,1,1,1,1,1,1,1,1,1,4),(-3.14159265358979,
-2.69279370307697,-2.24399475256414,-1.79519580205131,-1.34639685153848,
-1.0471975511966,-0.448798950512828,0.149599650170943,0.448798950512828,
0.897597901025655,1.34639685153848,1.79519580205131,2.24399475256414,2.69279370307697,
3.14159265358979),.UNSPECIFIED.);
#40=B_SPLINE_CURVE_WITH_KNOTS('',3,(#1214,#1215,#1216,#1217,#1218,#1219,
#1220,#1221,#1222,#1223,#1224,#1225,#1226,#1227,#1228,#1229,#1230),
 .UNSPECIFIED.,.T.,.F.,(4,1,1,1,1,1,1,1,1,1,1,1,1,1,4),(-3.14159265358979,
-2.69279370307697,-2.24399475256414,-1.79519580205131,-1.34639685153848,
-0.897597901025655,-0.448798950512828,-0.149599650170943,0.448798950512828,
1.0471975511966,1.34639685153848,1.79519580205131,2.24399475256414,2.69279370307697,
3.14159265358979),.UNSPECIFIED.);
#41=B_SPLINE_CURVE_WITH_KNOTS('',3,(#1537,#1538,#1539,#1540,#1541,#1542,
#1543,#1544,#1545,#1546,#1547,#1548,#1549,#1550,#1551,#1552,#1553,#1554),
 .UNSPECIFIED.,.F.,.F.,(4,1,1,1,1,1,1,1,1,1,1,1,1,1,1,4),(0.00572358296239618,
0.13575814342079,0.271516286841581,0.407274430262371,0.452527144735968,
0.497779859209565,0.520406216446364,0.543032573683162,0.633538002630356,
0.678790717103952,0.71273025295915,0.746669788814348,0.780609324669545,
0.814548860524743,0.882427932235138,0.950307003945533),.UNSPECIFIED.);
#42=(
BOUNDED_SURFACE()
B_SPLINE_SURFACE(5,1,((#658,#659),(#660,#661),(#662,#663),(#664,#665),(#666,
#667),(#668,#669),(#670,#671),(#672,#673),(#674,#675),(#676,#677),(#678,
#679),(#680,#681),(#682,#683),(#684,#685),(#686,#687)),.UNSPECIFIED.,.F.,
 .F.,.F.)
B_SPLINE_SURFACE_WITH_KNOTS((6,1,1,1,1,1,1,1,1,1,6),(2,2),(-1.,-0.9,-0.8,
-0.7,-0.6,-0.5,-0.4,-0.3,-0.2,-0.1,0.),(0.,0.3),.UNSPECIFIED.)
GEOMETRIC_REPRESENTATION_ITEM()
RATIONAL_B_SPLINE_SURFACE(((1.,1.),(1.,1.),(1.,1.),(1.,1.),(1.,1.),(1.,
1.),(1.,1.),(1.,1.),(1.,1.),(1.,1.),(1.,1.),(1.,1.),(1.,1.),(1.,1.),(1.,
1.)))
REPRESENTATION_ITEM('')
SURFACE()
);
#43=(
BOUNDED_SURFACE()
B_SPLINE_SURFACE(5,1,((#724,#725),(#726,#727),(#728,#729),(#730,#731),(#732,
#733),(#734,#735),(#736,#737),(#738,#739),(#740,#741),(#742,#743),(#744,
#745),(#746,#747),(#748,#749),(#750,#751),(#752,#753)),.UNSPECIFIED.,.F.,
 .F.,.F.)
B_SPLINE_SURFACE_WITH_KNOTS((6,1,1,1,1,1,1,1,1,1,6),(2,2),(0.,0.1,0.2,0.3,
0.4,0.5,0.6,0.7,0.8,0.9,1.),(0.,0.3),.UNSPECIFIED.)
GEOMETRIC_REPRESENTATION_ITEM()
RATIONAL_B_SPLINE_SURFACE(((1.,1.),(1.,1.),(1.,1.),(1.,1.),(1.,1.),(1.,
1.),(1.,1.),(1.,1.),(1.,1.),(1.,1.),(1.,1.),(1.,1.),(1.,1.),(1.,1.),(1.,
1.)))
REPRESENTATION_ITEM('')
SURFACE()
);
#44=(
BOUNDED_SURFACE()
B_SPLINE_SURFACE(5,1,((#796,#797),(#798,#799),(#800,#801),(#802,#803),(#804,
#805),(#806,#807),(#808,#809),(#810,#811),(#812,#813),(#814,#815),(#816,
#817),(#818,#819),(#820,#821),(#822,#823),(#824,#825)),.UNSPECIFIED.,.F.,
 .F.,.F.)
B_SPLINE_SURFACE_WITH_KNOTS((6,1,1,1,1,1,1,1,1,1,6),(2,2),(-1.,-0.9,-0.8,
-0.7,-0.6,-0.5,-0.4,-0.3,-0.2,-0.1,0.),(0.,0.3),.UNSPECIFIED.)
GEOMETRIC_REPRESENTATION_ITEM()
RATIONAL_B_SPLINE_SURFACE(((1.,1.),(1.,1.),(1.,1.),(1.,1.),(1.,1.),(1.,
1.),(1.,1.),(1.,1.),(1.,1.),(1.,1.),(1.,1.),(1.,1.),(1.,1.),(1.,1.),(1.,
1.)))
REPRESENTATION_ITEM('')
SURFACE()
);
#45=(
BOUNDED_SURFACE()
B_SPLINE_SURFACE(5,1,((#862,#863),(#864,#865),(#866,#867),(#868,#869),(#870,
#871),(#872,#873),(#874,#875),(#876,#877),(#878,#879),(#880,#881),(#882,
#883),(#884,#885),(#886,#887),(#888,#889),(#890,#891)),.UNSPECIFIED.,.F.,
 .F.,.F.)
B_SPLINE_SURFACE_WITH_KNOTS((6,1,1,1,1,1,1,1,1,1,6),(2,2),(0.,0.1,0.2,0.3,
0.4,0.5,0.6,0.7,0.8,0.9,1.),(0.,0.3),.UNSPECIFIED.)
GEOMETRIC_REPRESENTATION_ITEM()
RATIONAL_B_SPLINE_SURFACE(((1.,1.),(1.,1.),(1.,1.),(1.,1.),(1.,1.),(1.,
1.),(1.,1.),(1.,1.),(1.,1.),(1.,1.),(1.,1.),(1.,1.),(1.,1.),(1.,1.),(1.,
1.)))
REPRESENTATION_ITEM('')
SURFACE()
);
#46=CIRCLE('',#475,50.);
#47=CIRCLE('',#477,50.);
#48=CIRCLE('',#490,7.5);
#49=CIRCLE('',#492,45.);
#50=CIRCLE('',#493,7.5);
#51=CIRCLE('',#494,7.5);
#52=CIRCLE('',#495,5.);
#53=CIRCLE('',#500,50.);
#54=CIRCLE('',#501,2.);
#55=CIRCLE('',#502,48.);
#56=CIRCLE('',#504,50.);
#57=CIRCLE('',#507,5.);
#58=FACE_OUTER_BOUND('',#86,.T.);
#59=FACE_OUTER_BOUND('',#87,.T.);
#60=FACE_OUTER_BOUND('',#88,.T.);
#61=FACE_OUTER_BOUND('',#89,.T.);
#62=FACE_OUTER_BOUND('',#90,.T.);
#63=FACE_OUTER_BOUND('',#91,.T.);
#64=FACE_OUTER_BOUND('',#92,.T.);
#65=FACE_OUTER_BOUND('',#93,.T.);
#66=FACE_OUTER_BOUND('',#94,.T.);
#67=FACE_OUTER_BOUND('',#95,.T.);
#68=FACE_OUTER_BOUND('',#96,.T.);
#69=FACE_OUTER_BOUND('',#97,.T.);
#70=FACE_OUTER_BOUND('',#98,.T.);
#71=FACE_OUTER_BOUND('',#99,.T.);
#72=FACE_OUTER_BOUND('',#100,.T.);
#73=FACE_OUTER_BOUND('',#101,.T.);
#74=FACE_OUTER_BOUND('',#102,.T.);
#75=FACE_OUTER_BOUND('',#103,.T.);
#76=FACE_OUTER_BOUND('',#104,.T.);
#77=FACE_OUTER_BOUND('',#108,.T.);
#78=FACE_OUTER_BOUND('',#109,.T.);
#79=FACE_OUTER_BOUND('',#110,.T.);
#80=FACE_OUTER_BOUND('',#111,.T.);
#81=FACE_OUTER_BOUND('',#112,.T.);
#82=FACE_OUTER_BOUND('',#113,.T.);
#83=FACE_OUTER_BOUND('',#114,.T.);
#84=FACE_OUTER_BOUND('',#118,.T.);
#85=FACE_OUTER_BOUND('',#119,.T.);
#86=EDGE_LOOP('',(#285,#286,#287));
#87=EDGE_LOOP('',(#288,#289,#290));
#88=EDGE_LOOP('',(#291,#292,#293));
#89=EDGE_LOOP('',(#294,#295,#296));
#90=EDGE_LOOP('',(#297,#298,#299,#300,#301,#302));
#91=EDGE_LOOP('',(#303,#304,#305,#306));
#92=EDGE_LOOP('',(#307,#308,#309,#310));
#93=EDGE_LOOP('',(#311,#312,#313,#314));
#94=EDGE_LOOP('',(#315,#316,#317,#318));
#95=EDGE_LOOP('',(#319,#320,#321,#322));
#96=EDGE_LOOP('',(#323,#324,#325,#326));
#97=EDGE_LOOP('',(#327,#328,#329,#330,#331,#332));
#98=EDGE_LOOP('',(#333,#334,#335));
#99=EDGE_LOOP('',(#336,#337,#338));
#100=EDGE_LOOP('',(#339,#340,#341));
#101=EDGE_LOOP('',(#342,#343,#344));
#102=EDGE_LOOP('',(#345,#346,#347,#348,#349,#350));
#103=EDGE_LOOP('',(#351,#352));
#104=EDGE_LOOP('',(#353));
#105=EDGE_LOOP('',(#354));
#106=EDGE_LOOP('',(#355));
#107=EDGE_LOOP('',(#356,#357,#358));
#108=EDGE_LOOP('',(#359,#360,#361,#362));
#109=EDGE_LOOP('',(#363,#364,#365,#366,#367,#368));
#110=EDGE_LOOP('',(#369));
#111=EDGE_LOOP('',(#370,#371,#372));
#112=EDGE_LOOP('',(#373,#374,#375));
#113=EDGE_LOOP('',(#376,#377,#378,#379));
#114=EDGE_LOOP('',(#380,#381,#382,#383));
#115=EDGE_LOOP('',(#384,#385,#386,#387,#388,#389));
#116=EDGE_LOOP('',(#390,#391,#392,#393,#394,#395));
#117=EDGE_LOOP('',(#396,#397,#398,#399,#400,#401));
#118=EDGE_LOOP('',(#402));
#119=EDGE_LOOP('',(#403,#404,#405,#406));
#120=LINE('',#629,#147);
#121=LINE('',#630,#148);
#122=LINE('',#634,#149);
#123=LINE('',#640,#150);
#124=LINE('',#641,#151);
#125=LINE('',#645,#152);
#126=LINE('',#647,#153);
#127=LINE('',#648,#154);
#128=LINE('',#654,#155);
#129=LINE('',#656,#156);
#130=LINE('',#657,#157);
#131=LINE('',#723,#158);
#132=LINE('',#789,#159);
#133=LINE('',#794,#160);
#134=LINE('',#795,#161);
#135=LINE('',#861,#162);
#136=LINE('',#931,#163);
#137=LINE('',#932,#164);
#138=LINE('',#936,#165);
#139=LINE('',#942,#166);
#140=LINE('',#943,#167);
#141=LINE('',#947,#168);
#142=LINE('',#949,#169);
#143=LINE('',#950,#170);
#144=LINE('',#1558,#171);
#145=LINE('',#1561,#172);
#146=LINE('',#1571,#173);
#147=VECTOR('',#514,10.);
#148=VECTOR('',#515,10.);
#149=VECTOR('',#520,10.);
#150=VECTOR('',#525,10.);
#151=VECTOR('',#526,10.);
#152=VECTOR('',#531,10.);
#153=VECTOR('',#534,10.);
#154=VECTOR('',#535,10.);
#155=VECTOR('',#540,10.);
#156=VECTOR('',#541,10.);
#157=VECTOR('',#542,10.);
#158=VECTOR('',#543,10.);
#159=VECTOR('',#544,10.);
#160=VECTOR('',#549,10.);
#161=VECTOR('',#550,10.);
#162=VECTOR('',#551,10.);
#163=VECTOR('',#558,10.);
#164=VECTOR('',#559,10.);
#165=VECTOR('',#564,10.);
#166=VECTOR('',#569,10.);
#167=VECTOR('',#570,10.);
#168=VECTOR('',#575,10.);
#169=VECTOR('',#578,10.);
#170=VECTOR('',#579,10.);
#171=VECTOR('',#600,7.5);
#172=VECTOR('',#603,7.5);
#173=VECTOR('',#616,50.);
#174=ELLIPSE('',#466,55.9016994374947,50.);
#175=ELLIPSE('',#468,55.9016994374947,50.);
#176=ELLIPSE('',#470,54.6636280053392,50.);
#177=ELLIPSE('',#472,54.6636280053392,50.);
#178=ELLIPSE('',#480,54.6497186916955,50.);
#179=ELLIPSE('',#482,54.6497153747619,50.);
#180=ELLIPSE('',#484,55.9016994374947,50.);
#181=ELLIPSE('',#486,55.9016994374947,50.);
#182=ELLIPSE('',#489,7.60689811332208,7.5);
#183=VERTEX_POINT('',#625);
#184=VERTEX_POINT('',#626);
#185=VERTEX_POINT('',#628);
#186=VERTEX_POINT('',#632);
#187=VERTEX_POINT('',#636);
#188=VERTEX_POINT('',#637);
#189=VERTEX_POINT('',#639);
#190=VERTEX_POINT('',#643);
#191=VERTEX_POINT('',#650);
#192=VERTEX_POINT('',#651);
#193=VERTEX_POINT('',#653);
#194=VERTEX_POINT('',#655);
#195=VERTEX_POINT('',#688);
#196=VERTEX_POINT('',#707);
#197=VERTEX_POINT('',#754);
#198=VERTEX_POINT('',#773);
#199=VERTEX_POINT('',#791);
#200=VERTEX_POINT('',#793);
#201=VERTEX_POINT('',#826);
#202=VERTEX_POINT('',#845);
#203=VERTEX_POINT('',#927);
#204=VERTEX_POINT('',#928);
#205=VERTEX_POINT('',#930);
#206=VERTEX_POINT('',#934);
#207=VERTEX_POINT('',#938);
#208=VERTEX_POINT('',#939);
#209=VERTEX_POINT('',#941);
#210=VERTEX_POINT('',#945);
#211=VERTEX_POINT('',#952);
#212=VERTEX_POINT('',#953);
#213=VERTEX_POINT('',#957);
#214=VERTEX_POINT('',#959);
#215=VERTEX_POINT('',#961);
#216=VERTEX_POINT('',#963);
#217=VERTEX_POINT('',#1194);
#218=VERTEX_POINT('',#1195);
#219=VERTEX_POINT('',#1557);
#220=VERTEX_POINT('',#1560);
#221=VERTEX_POINT('',#1563);
#222=VERTEX_POINT('',#1565);
#223=VERTEX_POINT('',#1569);
#224=EDGE_CURVE('',#183,#184,#174,.T.);
#225=EDGE_CURVE('',#183,#185,#120,.T.);
#226=EDGE_CURVE('',#185,#184,#121,.T.);
#227=EDGE_CURVE('',#184,#186,#175,.T.);
#228=EDGE_CURVE('',#185,#186,#122,.T.);
#229=EDGE_CURVE('',#187,#188,#176,.T.);
#230=EDGE_CURVE('',#187,#189,#123,.T.);
#231=EDGE_CURVE('',#189,#188,#124,.T.);
#232=EDGE_CURVE('',#188,#190,#177,.T.);
#233=EDGE_CURVE('',#189,#190,#125,.T.);
#234=EDGE_CURVE('',#190,#183,#126,.T.);
#235=EDGE_CURVE('',#186,#187,#127,.T.);
#236=EDGE_CURVE('',#191,#192,#46,.T.);
#237=EDGE_CURVE('',#193,#191,#128,.T.);
#238=EDGE_CURVE('',#193,#194,#129,.T.);
#239=EDGE_CURVE('',#194,#192,#130,.T.);
#240=EDGE_CURVE('',#192,#195,#33,.T.);
#241=EDGE_CURVE('',#194,#196,#29,.T.);
#242=EDGE_CURVE('',#196,#195,#131,.T.);
#243=EDGE_CURVE('',#195,#197,#34,.T.);
#244=EDGE_CURVE('',#198,#196,#30,.T.);
#245=EDGE_CURVE('',#198,#197,#132,.T.);
#246=EDGE_CURVE('',#197,#199,#47,.T.);
#247=EDGE_CURVE('',#198,#200,#133,.T.);
#248=EDGE_CURVE('',#200,#199,#134,.T.);
#249=EDGE_CURVE('',#199,#201,#35,.T.);
#250=EDGE_CURVE('',#200,#202,#31,.T.);
#251=EDGE_CURVE('',#202,#201,#135,.T.);
#252=EDGE_CURVE('',#201,#191,#36,.T.);
#253=EDGE_CURVE('',#193,#202,#32,.T.);
#254=EDGE_CURVE('',#203,#204,#178,.T.);
#255=EDGE_CURVE('',#205,#203,#136,.T.);
#256=EDGE_CURVE('',#205,#204,#137,.T.);
#257=EDGE_CURVE('',#204,#206,#179,.T.);
#258=EDGE_CURVE('',#206,#205,#138,.T.);
#259=EDGE_CURVE('',#207,#208,#180,.T.);
#260=EDGE_CURVE('',#209,#207,#139,.T.);
#261=EDGE_CURVE('',#209,#208,#140,.T.);
#262=EDGE_CURVE('',#208,#210,#181,.T.);
#263=EDGE_CURVE('',#210,#209,#141,.T.);
#264=EDGE_CURVE('',#210,#203,#142,.T.);
#265=EDGE_CURVE('',#206,#207,#143,.T.);
#266=EDGE_CURVE('',#211,#212,#182,.T.);
#267=EDGE_CURVE('',#212,#211,#48,.T.);
#268=EDGE_CURVE('',#213,#213,#49,.T.);
#269=EDGE_CURVE('',#214,#214,#50,.T.);
#270=EDGE_CURVE('',#215,#215,#51,.T.);
#271=EDGE_CURVE('',#212,#216,#37,.T.);
#272=EDGE_CURVE('',#216,#211,#38,.T.);
#273=EDGE_CURVE('',#217,#218,#52,.T.);
#274=EDGE_CURVE('',#218,#218,#39,.T.);
#275=EDGE_CURVE('',#217,#217,#40,.T.);
#276=EDGE_CURVE('',#216,#217,#41,.T.);
#277=EDGE_CURVE('',#219,#215,#144,.T.);
#278=EDGE_CURVE('',#220,#214,#145,.T.);
#279=EDGE_CURVE('',#221,#221,#53,.T.);
#280=EDGE_CURVE('',#221,#222,#54,.T.);
#281=EDGE_CURVE('',#222,#222,#55,.T.);
#282=EDGE_CURVE('',#223,#223,#56,.T.);
#283=EDGE_CURVE('',#223,#221,#146,.T.);
#284=EDGE_CURVE('',#213,#223,#57,.T.);
#285=ORIENTED_EDGE('',*,*,#224,.F.);
#286=ORIENTED_EDGE('',*,*,#225,.T.);
#287=ORIENTED_EDGE('',*,*,#226,.T.);
#288=ORIENTED_EDGE('',*,*,#227,.F.);
#289=ORIENTED_EDGE('',*,*,#226,.F.);
#290=ORIENTED_EDGE('',*,*,#228,.T.);
#291=ORIENTED_EDGE('',*,*,#229,.F.);
#292=ORIENTED_EDGE('',*,*,#230,.T.);
#293=ORIENTED_EDGE('',*,*,#231,.T.);
#294=ORIENTED_EDGE('',*,*,#232,.F.);
#295=ORIENTED_EDGE('',*,*,#231,.F.);
#296=ORIENTED_EDGE('',*,*,#233,.T.);
#297=ORIENTED_EDGE('',*,*,#234,.F.);
#298=ORIENTED_EDGE('',*,*,#233,.F.);
#299=ORIENTED_EDGE('',*,*,#230,.F.);
#300=ORIENTED_EDGE('',*,*,#235,.F.);
#301=ORIENTED_EDGE('',*,*,#228,.F.);
#302=ORIENTED_EDGE('',*,*,#225,.F.);
#303=ORIENTED_EDGE('',*,*,#236,.F.);
#304=ORIENTED_EDGE('',*,*,#237,.F.);
#305=ORIENTED_EDGE('',*,*,#238,.T.);
#306=ORIENTED_EDGE('',*,*,#239,.T.);
#307=ORIENTED_EDGE('',*,*,#240,.F.);
#308=ORIENTED_EDGE('',*,*,#239,.F.);
#309=ORIENTED_EDGE('',*,*,#241,.T.);
#310=ORIENTED_EDGE('',*,*,#242,.T.);
#311=ORIENTED_EDGE('',*,*,#243,.F.);
#312=ORIENTED_EDGE('',*,*,#242,.F.);
#313=ORIENTED_EDGE('',*,*,#244,.F.);
#314=ORIENTED_EDGE('',*,*,#245,.T.);
#315=ORIENTED_EDGE('',*,*,#246,.F.);
#316=ORIENTED_EDGE('',*,*,#245,.F.);
#317=ORIENTED_EDGE('',*,*,#247,.T.);
#318=ORIENTED_EDGE('',*,*,#248,.T.);
#319=ORIENTED_EDGE('',*,*,#249,.F.);
#320=ORIENTED_EDGE('',*,*,#248,.F.);
#321=ORIENTED_EDGE('',*,*,#250,.T.);
#322=ORIENTED_EDGE('',*,*,#251,.T.);
#323=ORIENTED_EDGE('',*,*,#252,.F.);
#324=ORIENTED_EDGE('',*,*,#251,.F.);
#325=ORIENTED_EDGE('',*,*,#253,.F.);
#326=ORIENTED_EDGE('',*,*,#237,.T.);
#327=ORIENTED_EDGE('',*,*,#244,.T.);
#328=ORIENTED_EDGE('',*,*,#241,.F.);
#329=ORIENTED_EDGE('',*,*,#238,.F.);
#330=ORIENTED_EDGE('',*,*,#253,.T.);
#331=ORIENTED_EDGE('',*,*,#250,.F.);
#332=ORIENTED_EDGE('',*,*,#247,.F.);
#333=ORIENTED_EDGE('',*,*,#254,.F.);
#334=ORIENTED_EDGE('',*,*,#255,.F.);
#335=ORIENTED_EDGE('',*,*,#256,.T.);
#336=ORIENTED_EDGE('',*,*,#257,.F.);
#337=ORIENTED_EDGE('',*,*,#256,.F.);
#338=ORIENTED_EDGE('',*,*,#258,.F.);
#339=ORIENTED_EDGE('',*,*,#259,.F.);
#340=ORIENTED_EDGE('',*,*,#260,.F.);
#341=ORIENTED_EDGE('',*,*,#261,.T.);
#342=ORIENTED_EDGE('',*,*,#262,.F.);
#343=ORIENTED_EDGE('',*,*,#261,.F.);
#344=ORIENTED_EDGE('',*,*,#263,.F.);
#345=ORIENTED_EDGE('',*,*,#264,.F.);
#346=ORIENTED_EDGE('',*,*,#263,.T.);
#347=ORIENTED_EDGE('',*,*,#260,.T.);
#348=ORIENTED_EDGE('',*,*,#265,.F.);
#349=ORIENTED_EDGE('',*,*,#258,.T.);
#350=ORIENTED_EDGE('',*,*,#255,.T.);
#351=ORIENTED_EDGE('',*,*,#266,.F.);
#352=ORIENTED_EDGE('',*,*,#267,.F.);
#353=ORIENTED_EDGE('',*,*,#268,.F.);
#354=ORIENTED_EDGE('',*,*,#269,.T.);
#355=ORIENTED_EDGE('',*,*,#270,.T.);
#356=ORIENTED_EDGE('',*,*,#266,.T.);
#357=ORIENTED_EDGE('',*,*,#271,.T.);
#358=ORIENTED_EDGE('',*,*,#272,.T.);
#359=ORIENTED_EDGE('',*,*,#273,.T.);
#360=ORIENTED_EDGE('',*,*,#274,.T.);
#361=ORIENTED_EDGE('',*,*,#273,.F.);
#362=ORIENTED_EDGE('',*,*,#275,.T.);
#363=ORIENTED_EDGE('',*,*,#275,.F.);
#364=ORIENTED_EDGE('',*,*,#276,.F.);
#365=ORIENTED_EDGE('',*,*,#271,.F.);
#366=ORIENTED_EDGE('',*,*,#267,.T.);
#367=ORIENTED_EDGE('',*,*,#272,.F.);
#368=ORIENTED_EDGE('',*,*,#276,.T.);
#369=ORIENTED_EDGE('',*,*,#274,.F.);
#370=ORIENTED_EDGE('',*,*,#277,.T.);
#371=ORIENTED_EDGE('',*,*,#270,.F.);
#372=ORIENTED_EDGE('',*,*,#277,.F.);
#373=ORIENTED_EDGE('',*,*,#278,.T.);
#374=ORIENTED_EDGE('',*,*,#269,.F.);
#375=ORIENTED_EDGE('',*,*,#278,.F.);
#376=ORIENTED_EDGE('',*,*,#279,.T.);
#377=ORIENTED_EDGE('',*,*,#280,.T.);
#378=ORIENTED_EDGE('',*,*,#281,.T.);
#379=ORIENTED_EDGE('',*,*,#280,.F.);
#380=ORIENTED_EDGE('',*,*,#282,.F.);
#381=ORIENTED_EDGE('',*,*,#283,.T.);
#382=ORIENTED_EDGE('',*,*,#279,.F.);
#383=ORIENTED_EDGE('',*,*,#283,.F.);
#384=ORIENTED_EDGE('',*,*,#229,.T.);
#385=ORIENTED_EDGE('',*,*,#232,.T.);
#386=ORIENTED_EDGE('',*,*,#234,.T.);
#387=ORIENTED_EDGE('',*,*,#224,.T.);
#388=ORIENTED_EDGE('',*,*,#227,.T.);
#389=ORIENTED_EDGE('',*,*,#235,.T.);
#390=ORIENTED_EDGE('',*,*,#246,.T.);
#391=ORIENTED_EDGE('',*,*,#249,.T.);
#392=ORIENTED_EDGE('',*,*,#252,.T.);
#393=ORIENTED_EDGE('',*,*,#236,.T.);
#394=ORIENTED_EDGE('',*,*,#240,.T.);
#395=ORIENTED_EDGE('',*,*,#243,.T.);
#396=ORIENTED_EDGE('',*,*,#259,.T.);
#397=ORIENTED_EDGE('',*,*,#262,.T.);
#398=ORIENTED_EDGE('',*,*,#264,.T.);
#399=ORIENTED_EDGE('',*,*,#254,.T.);
#400=ORIENTED_EDGE('',*,*,#257,.T.);
#401=ORIENTED_EDGE('',*,*,#265,.T.);
#402=ORIENTED_EDGE('',*,*,#281,.F.);
#403=ORIENTED_EDGE('',*,*,#268,.T.);
#404=ORIENTED_EDGE('',*,*,#284,.T.);
#405=ORIENTED_EDGE('',*,*,#282,.T.);
#406=ORIENTED_EDGE('',*,*,#284,.F.);
#407=PLANE('',#465);
#408=PLANE('',#467);
#409=PLANE('',#469);
#410=PLANE('',#471);
#411=PLANE('',#473);
#412=PLANE('',#474);
#413=PLANE('',#476);
#414=PLANE('',#478);
#415=PLANE('',#479);
#416=PLANE('',#481);
#417=PLANE('',#483);
#418=PLANE('',#485);
#419=PLANE('',#487);
#420=PLANE('',#491);
#421=PLANE('',#496);
#422=PLANE('',#505);
#423=ADVANCED_FACE('',(#58),#407,.F.);
#424=ADVANCED_FACE('',(#59),#408,.F.);
#425=ADVANCED_FACE('',(#60),#409,.F.);
#426=ADVANCED_FACE('',(#61),#410,.F.);
#427=ADVANCED_FACE('',(#62),#411,.T.);
#428=ADVANCED_FACE('',(#63),#412,.F.);
#429=ADVANCED_FACE('',(#64),#42,.F.);
#430=ADVANCED_FACE('',(#65),#43,.F.);
#431=ADVANCED_FACE('',(#66),#413,.F.);
#432=ADVANCED_FACE('',(#67),#44,.F.);
#433=ADVANCED_FACE('',(#68),#45,.F.);
#434=ADVANCED_FACE('',(#69),#414,.T.);
#435=ADVANCED_FACE('',(#70),#415,.F.);
#436=ADVANCED_FACE('',(#71),#416,.F.);
#437=ADVANCED_FACE('',(#72),#417,.F.);
#438=ADVANCED_FACE('',(#73),#418,.F.);
#439=ADVANCED_FACE('',(#74),#419,.T.);
#440=ADVANCED_FACE('',(#75),#27,.T.);
#441=ADVANCED_FACE('',(#76,#21,#22,#23),#420,.T.);
#442=ADVANCED_FACE('',(#77),#19,.F.);
#443=ADVANCED_FACE('',(#78),#20,.T.);
#444=ADVANCED_FACE('',(#79),#421,.T.);
#445=ADVANCED_FACE('',(#80),#17,.T.);
#446=ADVANCED_FACE('',(#81),#18,.T.);
#447=ADVANCED_FACE('',(#82),#15,.T.);
#448=ADVANCED_FACE('',(#83,#24,#25,#26),#28,.T.);
#449=ADVANCED_FACE('',(#84),#422,.F.);
#450=ADVANCED_FACE('',(#85),#16,.T.);
#451=CLOSED_SHELL('',(#423,#424,#425,#426,#427,#428,#429,#430,#431,#432,
#433,#434,#435,#436,#437,#438,#439,#440,#441,#442,#443,#444,#445,#446,#447,
#448,#449,#450));
#452=DERIVED_UNIT_ELEMENT(#454,1.);
#453=DERIVED_UNIT_ELEMENT(#1580,-3.);
#454=(
MASS_UNIT()
NAMED_UNIT(*)
SI_UNIT(.KILO.,.GRAM.)
);
#455=DERIVED_UNIT((#452,#453));
#456=MEASURE_REPRESENTATION_ITEM('density measure',
POSITIVE_RATIO_MEASURE(7850.),#455);
#457=PROPERTY_DEFINITION_REPRESENTATION(#462,#459);
#458=PROPERTY_DEFINITION_REPRESENTATION(#463,#460);
#459=REPRESENTATION('material name',(#461),#1577);
#460=REPRESENTATION('density',(#456),#1577);
#461=DESCRIPTIVE_REPRESENTATION_ITEM('Steel','Steel');
#462=PROPERTY_DEFINITION('material property','material name',#1587);
#463=PROPERTY_DEFINITION('material property','density of part',#1587);
#464=AXIS2_PLACEMENT_3D('',#623,#508,#509);
#465=AXIS2_PLACEMENT_3D('',#624,#510,#511);
#466=AXIS2_PLACEMENT_3D('',#627,#512,#513);
#467=AXIS2_PLACEMENT_3D('',#631,#516,#517);
#468=AXIS2_PLACEMENT_3D('',#633,#518,#519);
#469=AXIS2_PLACEMENT_3D('',#635,#521,#522);
#470=AXIS2_PLACEMENT_3D('',#638,#523,#524);
#471=AXIS2_PLACEMENT_3D('',#642,#527,#528);
#472=AXIS2_PLACEMENT_3D('',#644,#529,#530);
#473=AXIS2_PLACEMENT_3D('',#646,#532,#533);
#474=AXIS2_PLACEMENT_3D('',#649,#536,#537);
#475=AXIS2_PLACEMENT_3D('',#652,#538,#539);
#476=AXIS2_PLACEMENT_3D('',#790,#545,#546);
#477=AXIS2_PLACEMENT_3D('',#792,#547,#548);
#478=AXIS2_PLACEMENT_3D('',#925,#552,#553);
#479=AXIS2_PLACEMENT_3D('',#926,#554,#555);
#480=AXIS2_PLACEMENT_3D('',#929,#556,#557);
#481=AXIS2_PLACEMENT_3D('',#933,#560,#561);
#482=AXIS2_PLACEMENT_3D('',#935,#562,#563);
#483=AXIS2_PLACEMENT_3D('',#937,#565,#566);
#484=AXIS2_PLACEMENT_3D('',#940,#567,#568);
#485=AXIS2_PLACEMENT_3D('',#944,#571,#572);
#486=AXIS2_PLACEMENT_3D('',#946,#573,#574);
#487=AXIS2_PLACEMENT_3D('',#948,#576,#577);
#488=AXIS2_PLACEMENT_3D('',#951,#580,#581);
#489=AXIS2_PLACEMENT_3D('',#954,#582,#583);
#490=AXIS2_PLACEMENT_3D('',#955,#584,#585);
#491=AXIS2_PLACEMENT_3D('',#956,#586,#587);
#492=AXIS2_PLACEMENT_3D('',#958,#588,#589);
#493=AXIS2_PLACEMENT_3D('',#960,#590,#591);
#494=AXIS2_PLACEMENT_3D('',#962,#592,#593);
#495=AXIS2_PLACEMENT_3D('',#1196,#594,#595);
#496=AXIS2_PLACEMENT_3D('',#1555,#596,#597);
#497=AXIS2_PLACEMENT_3D('',#1556,#598,#599);
#498=AXIS2_PLACEMENT_3D('',#1559,#601,#602);
#499=AXIS2_PLACEMENT_3D('',#1562,#604,#605);
#500=AXIS2_PLACEMENT_3D('',#1564,#606,#607);
#501=AXIS2_PLACEMENT_3D('',#1566,#608,#609);
#502=AXIS2_PLACEMENT_3D('',#1567,#610,#611);
#503=AXIS2_PLACEMENT_3D('',#1568,#612,#613);
#504=AXIS2_PLACEMENT_3D('',#1570,#614,#615);
#505=AXIS2_PLACEMENT_3D('',#1572,#617,#618);
#506=AXIS2_PLACEMENT_3D('',#1573,#619,#620);
#507=AXIS2_PLACEMENT_3D('',#1574,#621,#622);
#508=DIRECTION('axis',(0.,0.,1.));
#509=DIRECTION('refdir',(1.,0.,0.));
#510=DIRECTION('center_axis',(0.447213595499958,-1.35711867044184E-14,0.894427190999916));
#511=DIRECTION('ref_axis',(-0.894427190999916,1.09535739652841E-16,0.447213595499958));
#512=DIRECTION('center_axis',(0.447213595499958,-1.35711867044184E-14,0.894427190999916));
#513=DIRECTION('ref_axis',(0.894427190999916,0.,-0.447213595499958));
#514=DIRECTION('',(0.894427190999916,-1.09535739652841E-16,-0.447213595499958));
#515=DIRECTION('',(-2.96059473233375E-15,-1.,-1.36927506370436E-14));
#516=DIRECTION('center_axis',(0.447213595499958,1.0923150274288E-14,-0.894427190999916));
#517=DIRECTION('ref_axis',(0.894427190999916,-1.09535739652841E-16,0.447213595499958));
#518=DIRECTION('center_axis',(0.447213595499958,1.0923150274288E-14,-0.894427190999916));
#519=DIRECTION('ref_axis',(0.894427190999916,0.,0.447213595499958));
#520=DIRECTION('',(-0.894427190999916,1.09535739652841E-16,-0.447213595499958));
#521=DIRECTION('center_axis',(-0.404167502719246,-1.13279772911114E-14,
0.914684989351902));
#522=DIRECTION('ref_axis',(-0.914684989351902,1.12016604443794E-16,-0.404167502719246));
#523=DIRECTION('center_axis',(-0.404167502719246,-1.13279772911114E-14,
0.914684989351902));
#524=DIRECTION('ref_axis',(0.914684989351902,0.,0.404167502719246));
#525=DIRECTION('',(0.914684989351902,-1.12016604443794E-16,0.404167502719246));
#526=DIRECTION('',(-2.96059473233375E-15,-1.,-1.36927506370436E-14));
#527=DIRECTION('center_axis',(-0.404167502719246,1.37211296501736E-14,-0.914684989351902));
#528=DIRECTION('ref_axis',(0.914684989351902,-1.12016604443794E-16,-0.404167502719246));
#529=DIRECTION('center_axis',(-0.404167502719246,1.37211296501736E-14,-0.914684989351902));
#530=DIRECTION('ref_axis',(0.914684989351902,0.,-0.404167502719246));
#531=DIRECTION('',(-0.914684989351902,1.12016604443794E-16,0.404167502719246));
#532=DIRECTION('center_axis',(-1.22464679914735E-16,-1.,0.));
#533=DIRECTION('ref_axis',(-1.,1.22464679914735E-16,0.));
#534=DIRECTION('',(0.,0.,1.));
#535=DIRECTION('',(0.,0.,1.));
#536=DIRECTION('center_axis',(-1.67687832391783E-30,-1.36927506370436E-14,
1.));
#537=DIRECTION('ref_axis',(-1.,1.22464679914735E-16,0.));
#538=DIRECTION('center_axis',(-1.67687832391783E-30,-1.36927506370436E-14,
1.));
#539=DIRECTION('ref_axis',(1.,0.,0.));
#540=DIRECTION('',(-2.59052039079203E-15,-1.,-1.36927506370436E-14));
#541=DIRECTION('',(1.,-1.22464679914735E-16,0.));
#542=DIRECTION('',(-2.59052039079203E-15,-1.,-1.36927506370436E-14));
#543=DIRECTION('',(-2.59052039079203E-15,-1.,-1.36927506370436E-14));
#544=DIRECTION('',(-2.59052039079203E-15,-1.,-1.36927506370436E-14));
#545=DIRECTION('center_axis',(-1.67687832391783E-30,-1.36927506370436E-14,
1.));
#546=DIRECTION('ref_axis',(-1.,1.22464679914735E-16,0.));
#547=DIRECTION('center_axis',(-1.67687832391783E-30,-1.36927506370436E-14,
1.));
#548=DIRECTION('ref_axis',(1.,0.,0.));
#549=DIRECTION('',(1.,-1.22464679914735E-16,0.));
#550=DIRECTION('',(-2.59052039079203E-15,-1.,-1.36927506370436E-14));
#551=DIRECTION('',(-2.59052039079203E-15,-1.,-1.36927506370436E-14));
#552=DIRECTION('center_axis',(-2.72369637014815E-15,-1.,-1.36685091476442E-14));
#553=DIRECTION('ref_axis',(-1.,2.72369637014815E-15,0.));
#554=DIRECTION('center_axis',(0.403640226567245,1.13327260610336E-14,-0.914917792753394));
#555=DIRECTION('ref_axis',(0.914917792753394,-1.12045114637841E-16,0.403640226567245));
#556=DIRECTION('center_axis',(0.403640226567245,1.13327260610336E-14,-0.914917792753394));
#557=DIRECTION('ref_axis',(0.914917792753394,0.,0.403640226567245));
#558=DIRECTION('',(0.914917792753394,-1.12045114637841E-16,0.403640226567245));
#559=DIRECTION('',(-2.96059473233375E-15,-1.,-1.36927506370436E-14));
#560=DIRECTION('center_axis',(0.40364010069828,-1.37227567058167E-14,0.914917848283813));
#561=DIRECTION('ref_axis',(-0.914917848283813,1.12045121438356E-16,0.40364010069828));
#562=DIRECTION('center_axis',(0.40364010069828,-1.37227567058167E-14,0.914917848283813));
#563=DIRECTION('ref_axis',(0.914917848283813,0.,-0.40364010069828));
#564=DIRECTION('',(-0.914917848283813,1.12045121438356E-16,0.40364010069828));
#565=DIRECTION('center_axis',(-0.447213595499958,1.35711867044184E-14,-0.894427190999916));
#566=DIRECTION('ref_axis',(0.894427190999916,-1.09535739652841E-16,-0.447213595499958));
#567=DIRECTION('center_axis',(-0.447213595499958,1.35711867044184E-14,-0.894427190999916));
#568=DIRECTION('ref_axis',(0.894427190999916,0.,-0.447213595499958));
#569=DIRECTION('',(0.894427190999916,-1.09535739652841E-16,-0.447213595499958));
#570=DIRECTION('',(-2.96059473233375E-15,-1.,-1.36927506370436E-14));
#571=DIRECTION('center_axis',(-0.447213595499958,-1.0923150274288E-14,0.894427190999916));
#572=DIRECTION('ref_axis',(-0.894427190999916,1.09535739652841E-16,-0.447213595499958));
#573=DIRECTION('center_axis',(-0.447213595499958,-1.0923150274288E-14,0.894427190999916));
#574=DIRECTION('ref_axis',(0.894427190999916,0.,0.447213595499958));
#575=DIRECTION('',(-0.894427190999916,1.09535739652841E-16,-0.447213595499958));
#576=DIRECTION('center_axis',(-1.22464679914735E-16,-1.,0.));
#577=DIRECTION('ref_axis',(-1.,1.22464679914735E-16,0.));
#578=DIRECTION('',(0.,0.,-1.));
#579=DIRECTION('',(0.,0.,-1.));
#580=DIRECTION('center_axis',(0.,0.16705715108051,-0.985947213735535));
#581=DIRECTION('ref_axis',(0.,0.985947213735535,0.16705715108051));
#582=DIRECTION('center_axis',(0.,0.,-1.));
#583=DIRECTION('ref_axis',(0.,1.,0.));
#584=DIRECTION('center_axis',(0.,-0.16705715108051,0.985947213735535));
#585=DIRECTION('ref_axis',(0.,0.985947213735535,0.16705715108051));
#586=DIRECTION('center_axis',(0.,0.,1.));
#587=DIRECTION('ref_axis',(1.,0.,0.));
#588=DIRECTION('center_axis',(0.,0.,-1.));
#589=DIRECTION('ref_axis',(1.,0.,0.));
#590=DIRECTION('center_axis',(0.,0.,-1.));
#591=DIRECTION('ref_axis',(-1.,0.,0.));
#592=DIRECTION('center_axis',(0.,0.,-1.));
#593=DIRECTION('ref_axis',(-1.,0.,0.));
#594=DIRECTION('center_axis',(-1.,1.20063919052073E-16,4.67456315222808E-16));
#595=DIRECTION('ref_axis',(4.79125730043774E-16,0.363453396598953,0.931612381036601));
#596=DIRECTION('center_axis',(0.,0.88536118071461,-0.464903839179279));
#597=DIRECTION('ref_axis',(0.,-0.464903839179278,-0.88536118071461));
#598=DIRECTION('center_axis',(0.,0.,-1.));
#599=DIRECTION('ref_axis',(-1.,0.,0.));
#600=DIRECTION('',(0.707106781186547,8.65956056235493E-17,-0.707106781186547));
#601=DIRECTION('center_axis',(0.,0.,-1.));
#602=DIRECTION('ref_axis',(-1.,0.,0.));
#603=DIRECTION('',(0.707106781186547,8.65956056235493E-17,-0.707106781186547));
#604=DIRECTION('center_axis',(0.,0.,1.));
#605=DIRECTION('ref_axis',(1.,0.,0.));
#606=DIRECTION('center_axis',(0.,0.,-1.));
#607=DIRECTION('ref_axis',(1.,0.,0.));
#608=DIRECTION('center_axis',(1.22464679914735E-16,-1.,0.));
#609=DIRECTION('ref_axis',(-1.,-1.22464679914735E-16,0.));
#610=DIRECTION('center_axis',(0.,0.,1.));
#611=DIRECTION('ref_axis',(1.,0.,0.));
#612=DIRECTION('center_axis',(0.,0.,1.));
#613=DIRECTION('ref_axis',(1.,0.,0.));
#614=DIRECTION('center_axis',(0.,0.,1.));
#615=DIRECTION('ref_axis',(1.,0.,0.));
#616=DIRECTION('',(0.,0.,-1.));
#617=DIRECTION('center_axis',(0.,0.,1.));
#618=DIRECTION('ref_axis',(1.,0.,0.));
#619=DIRECTION('center_axis',(0.,0.,1.));
#620=DIRECTION('ref_axis',(1.,0.,0.));
#621=DIRECTION('center_axis',(1.22464679914735E-16,-1.,0.));
#622=DIRECTION('ref_axis',(-1.,-1.22464679914735E-16,0.));
#623=CARTESIAN_POINT('',(0.,0.,0.));
#624=CARTESIAN_POINT('Origin',(-10.0000001490116,-48.,7.50000011175871));
#625=CARTESIAN_POINT('',(-14.,-48.,9.5000000372529));
#626=CARTESIAN_POINT('',(-10.0000001490116,-48.9897948252467,7.5000001117587));
#627=CARTESIAN_POINT('Origin',(0.,0.,2.50000003725363));
#628=CARTESIAN_POINT('',(-10.0000001490116,-48.,7.50000011175871));
#629=CARTESIAN_POINT('',(-15.0000002235174,-48.,10.0000001490116));
#630=CARTESIAN_POINT('',(-10.0000001490116,-48.,7.50000011175871));
#631=CARTESIAN_POINT('Origin',(-15.0000002235174,-48.,5.00000007450581));
#632=CARTESIAN_POINT('',(-14.,-48.,5.50000018626451));
#633=CARTESIAN_POINT('Origin',(0.,0.,12.5000001862651));
#634=CARTESIAN_POINT('',(-10.0000001490116,-48.,7.50000011175871));
#635=CARTESIAN_POINT('Origin',(-11.6053000181777,-48.,7.50000011175871));
#636=CARTESIAN_POINT('',(-14.,-48.,6.44186542858138));
#637=CARTESIAN_POINT('',(-11.6053000181777,-48.6345248921801,7.5000001117587));
#638=CARTESIAN_POINT('Origin',(0.,0.,12.6279787943197));
#639=CARTESIAN_POINT('',(-11.6053000181777,-48.,7.50000011175871));
#640=CARTESIAN_POINT('',(-15.0000002235174,-48.,6.00000008940697));
#641=CARTESIAN_POINT('',(-11.6053000181777,-48.,7.50000011175871));
#642=CARTESIAN_POINT('Origin',(-15.0000002235174,-48.,9.00000013411045));
#643=CARTESIAN_POINT('',(-14.,-48.,8.55813479493604));
#644=CARTESIAN_POINT('Origin',(0.,0.,2.37202142919906));
#645=CARTESIAN_POINT('',(-11.6053000181777,-48.,7.50000011175871));
#646=CARTESIAN_POINT('Origin',(-12.5000001862645,-48.,7.50000011175871));
#647=CARTESIAN_POINT('',(-14.,-48.,0.));
#648=CARTESIAN_POINT('',(-14.,-48.,0.));
#649=CARTESIAN_POINT('Origin',(5.01201926629266,-48.,7.00000010430813));
#650=CARTESIAN_POINT('',(4.47422879902924,-49.7994104046819,7.0000001043081));
#651=CARTESIAN_POINT('',(5.01201926629265,-49.7481624070107,7.0000001043081));
#652=CARTESIAN_POINT('Origin',(0.,0.,7.00000010430813));
#653=CARTESIAN_POINT('',(4.47422879902924,-48.,7.00000010430813));
#654=CARTESIAN_POINT('',(4.47422879902924,-48.,7.00000010430813));
#655=CARTESIAN_POINT('',(5.01201926629266,-48.,7.00000010430813));
#656=CARTESIAN_POINT('',(4.47422879902924,-48.,7.00000010430813));
#657=CARTESIAN_POINT('',(5.01201926629266,-48.,7.00000010430813));
#658=CARTESIAN_POINT('Ctrl Pts',(0.00500000023748113,-48.,6.00000028498471));
#659=CARTESIAN_POINT('Ctrl Pts',(0.00500000023747336,-51.,6.00000028498467));
#660=CARTESIAN_POINT('Ctrl Pts',(0.112596240917003,-47.9999999999998,5.75237175859511));
#661=CARTESIAN_POINT('Ctrl Pts',(0.112596240916996,-50.9999999999998,5.75237175859507));
#662=CARTESIAN_POINT('Ctrl Pts',(0.327126134480117,-47.9999999999995,5.28089834759975));
#663=CARTESIAN_POINT('Ctrl Pts',(0.327126134480109,-50.9999999999995,5.28089834759971));
#664=CARTESIAN_POINT('Ctrl Pts',(0.646933210624239,-47.9999999999992,4.6450391856321));
#665=CARTESIAN_POINT('Ctrl Pts',(0.646933210624231,-50.9999999999992,4.64503918563206));
#666=CARTESIAN_POINT('Ctrl Pts',(1.06930172014439,-47.999999999999,3.9422763070165));
#667=CARTESIAN_POINT('Ctrl Pts',(1.06930172014438,-50.999999999999,3.94227630701646));
#668=CARTESIAN_POINT('Ctrl Pts',(1.59008055698386,-47.9999999999992,3.32161399475633));
#669=CARTESIAN_POINT('Ctrl Pts',(1.59008055698386,-50.9999999999992,3.32161399475629));
#670=CARTESIAN_POINT('Ctrl Pts',(2.10307590508511,-47.9999999999996,2.9803406315755));
#671=CARTESIAN_POINT('Ctrl Pts',(2.1030759050851,-50.9999999999996,2.98034063157546));
#672=CARTESIAN_POINT('Ctrl Pts',(2.60771467741651,-48.0000000000001,2.93902722218292));
#673=CARTESIAN_POINT('Ctrl Pts',(2.6077146774165,-51.0000000000001,2.93902722218288));
#674=CARTESIAN_POINT('Ctrl Pts',(3.10379998405017,-48.0000000000006,3.20474114624212));
#675=CARTESIAN_POINT('Ctrl Pts',(3.10379998405016,-51.0000000000006,3.20474114624208));
#676=CARTESIAN_POINT('Ctrl Pts',(3.59179316771726,-48.000000000001,3.76092246961679));
#677=CARTESIAN_POINT('Ctrl Pts',(3.59179316771725,-51.000000000001,3.76092246961675));
#678=CARTESIAN_POINT('Ctrl Pts',(4.07235812480767,-48.0000000000012,4.58374057843424));
#679=CARTESIAN_POINT('Ctrl Pts',(4.07235812480766,-51.0000000000012,4.5837405784342));
#680=CARTESIAN_POINT('Ctrl Pts',(4.45138105271248,-48.000000000001,5.4368708091676));
#681=CARTESIAN_POINT('Ctrl Pts',(4.45138105271247,-51.000000000001,5.43687080916756));
#682=CARTESIAN_POINT('Ctrl Pts',(4.73279250594327,-48.0000000000006,6.17922559412508));
#683=CARTESIAN_POINT('Ctrl Pts',(4.73279250594326,-51.0000000000006,6.17922559412504));
#684=CARTESIAN_POINT('Ctrl Pts',(4.91915175522627,-48.0000000000002,6.71893970646573));
#685=CARTESIAN_POINT('Ctrl Pts',(4.91915175522626,-51.0000000000002,6.71893970646568));
#686=CARTESIAN_POINT('Ctrl Pts',(5.01201926629266,-48.,7.00000010430813));
#687=CARTESIAN_POINT('Ctrl Pts',(5.01201926629265,-51.,7.00000010430809));
#688=CARTESIAN_POINT('',(0.00500000023747595,-49.99999975,6.00000028498468));
#689=CARTESIAN_POINT('Ctrl Pts',(5.01201926629265,-49.7481624070107,7.0000001043081));
#690=CARTESIAN_POINT('Ctrl Pts',(4.72169397537307,-49.7774120492322,6.12134037893619));
#691=CARTESIAN_POINT('Ctrl Pts',(4.32161188522777,-49.8150674945429,5.05298654773263));
#692=CARTESIAN_POINT('Ctrl Pts',(3.60459963569435,-49.8705412267163,3.81151767894083));
#693=CARTESIAN_POINT('Ctrl Pts',(3.37891344393298,-49.8861198145003,3.52912375079165));
#694=CARTESIAN_POINT('Ctrl Pts',(3.05005545584321,-49.9070403755905,3.22648458167488));
#695=CARTESIAN_POINT('Ctrl Pts',(2.90795329543963,-49.9156144575612,3.12394917125241));
#696=CARTESIAN_POINT('Ctrl Pts',(2.64111278533125,-49.9303174455242,3.01692042441269));
#697=CARTESIAN_POINT('Ctrl Pts',(2.52730653596033,-49.9362267173924,2.99342825044122));
#698=CARTESIAN_POINT('Ctrl Pts',(2.29571585047854,-49.9473979632428,2.99663980365085));
#699=CARTESIAN_POINT('Ctrl Pts',(2.18620909701571,-49.9522933573084,3.02118917284949));
#700=CARTESIAN_POINT('Ctrl Pts',(1.93536525054617,-49.9627417284135,3.12067539309338));
#701=CARTESIAN_POINT('Ctrl Pts',(1.80078891762949,-49.967705739733,3.21010629315251));
#702=CARTESIAN_POINT('Ctrl Pts',(1.45045218986482,-49.979488034737,3.50158745122197));
#703=CARTESIAN_POINT('Ctrl Pts',(1.2355282289704,-49.9851087983998,3.76284531383802));
#704=CARTESIAN_POINT('Ctrl Pts',(0.642616819562083,-49.9974627925378,4.62252765894231));
#705=CARTESIAN_POINT('Ctrl Pts',(0.284312749639251,-49.9999718187237,5.35717295105601));
#706=CARTESIAN_POINT('Ctrl Pts',(0.00500000021246869,-49.99999975,6.00000028504223));
#707=CARTESIAN_POINT('',(0.00500000023748113,-48.,6.00000028498471));
#708=CARTESIAN_POINT('Ctrl Pts',(5.01201926629266,-48.,7.00000010430813));
#709=CARTESIAN_POINT('Ctrl Pts',(4.91915175522627,-48.0000000000002,6.71893970646573));
#710=CARTESIAN_POINT('Ctrl Pts',(4.73279250594327,-48.0000000000006,6.17922559412508));
#711=CARTESIAN_POINT('Ctrl Pts',(4.45138105271248,-48.000000000001,5.4368708091676));
#712=CARTESIAN_POINT('Ctrl Pts',(4.07235812480767,-48.0000000000012,4.58374057843424));
#713=CARTESIAN_POINT('Ctrl Pts',(3.59179316771726,-48.000000000001,3.76092246961679));
#714=CARTESIAN_POINT('Ctrl Pts',(3.10379998405017,-48.0000000000006,3.20474114624212));
#715=CARTESIAN_POINT('Ctrl Pts',(2.60771467741651,-48.0000000000001,2.93902722218292));
#716=CARTESIAN_POINT('Ctrl Pts',(2.10307590508511,-47.9999999999996,2.9803406315755));
#717=CARTESIAN_POINT('Ctrl Pts',(1.59008055698386,-47.9999999999992,3.32161399475633));
#718=CARTESIAN_POINT('Ctrl Pts',(1.06930172014439,-47.999999999999,3.9422763070165));
#719=CARTESIAN_POINT('Ctrl Pts',(0.646933210624239,-47.9999999999992,4.6450391856321));
#720=CARTESIAN_POINT('Ctrl Pts',(0.327126134480117,-47.9999999999995,5.28089834759975));
#721=CARTESIAN_POINT('Ctrl Pts',(0.112596240917003,-47.9999999999998,5.75237175859511));
#722=CARTESIAN_POINT('Ctrl Pts',(0.00500000023748113,-48.,6.00000028498471));
#723=CARTESIAN_POINT('',(0.00500000023748113,-48.,6.00000028498471));
#724=CARTESIAN_POINT('Ctrl Pts',(-5.00000007450581,-48.,7.00000010430813));
#725=CARTESIAN_POINT('Ctrl Pts',(-5.00000007450582,-51.,7.00000010430809));
#726=CARTESIAN_POINT('Ctrl Pts',(-4.9071063907819,-48.,6.71894679280548));
#727=CARTESIAN_POINT('Ctrl Pts',(-4.9071063907819,-51.,6.71894679280544));
#728=CARTESIAN_POINT('Ctrl Pts',(-4.72070052713465,-47.9999999999999,6.17924557688503));
#729=CARTESIAN_POINT('Ctrl Pts',(-4.72070052713466,-50.9999999999999,6.17924557688499));
#730=CARTESIAN_POINT('Ctrl Pts',(-4.43923634432987,-47.9999999999999,5.43690630589713));
#731=CARTESIAN_POINT('Ctrl Pts',(-4.43923634432987,-50.9999999999999,5.43690630589709));
#732=CARTESIAN_POINT('Ctrl Pts',(-4.0601780675633,-47.9999999999999,4.58378898936004));
#733=CARTESIAN_POINT('Ctrl Pts',(-4.06017806756331,-50.9999999999999,4.58378898936));
#734=CARTESIAN_POINT('Ctrl Pts',(-3.5796312113551,-48.,3.76097377076939));
#735=CARTESIAN_POINT('Ctrl Pts',(-3.5796312113551,-51.,3.76097377076935));
#736=CARTESIAN_POINT('Ctrl Pts',(-3.09172424921474,-48.,3.20478293848431));
#737=CARTESIAN_POINT('Ctrl Pts',(-3.09172424921475,-51.,3.20478293848427));
#738=CARTESIAN_POINT('Ctrl Pts',(-2.59579927420658,-48.,2.93904957786818));
#739=CARTESIAN_POINT('Ctrl Pts',(-2.59579927420659,-51.,2.93904957786813));
#740=CARTESIAN_POINT('Ctrl Pts',(-2.09139896354439,-47.9999999999999,2.98034048950028));
#741=CARTESIAN_POINT('Ctrl Pts',(-2.0913989635444,-50.9999999999999,2.98034048950024));
#742=CARTESIAN_POINT('Ctrl Pts',(-1.57871815211972,-47.9999999999997,3.32159765901532));
#743=CARTESIAN_POINT('Ctrl Pts',(-1.57871815211973,-50.9999999999997,3.32159765901528));
#744=CARTESIAN_POINT('Ctrl Pts',(-1.05832460762336,-47.9999999999996,3.9422533509051));
#745=CARTESIAN_POINT('Ctrl Pts',(-1.05832460762337,-50.9999999999996,3.94225335090506));
#746=CARTESIAN_POINT('Ctrl Pts',(-0.636316508846657,-47.9999999999996,4.64501988181724));
#747=CARTESIAN_POINT('Ctrl Pts',(-0.636316508846664,-50.9999999999996,4.64501988181719));
#748=CARTESIAN_POINT('Ctrl Pts',(-0.316807256297606,-47.9999999999998,5.2808867760639));
#749=CARTESIAN_POINT('Ctrl Pts',(-0.316807256297614,-50.9999999999998,5.28088677606386));
#750=CARTESIAN_POINT('Ctrl Pts',(-0.102487942709802,-47.9999999999999,5.75236753614225));
#751=CARTESIAN_POINT('Ctrl Pts',(-0.10248794270981,-50.9999999999999,5.75236753614221));
#752=CARTESIAN_POINT('Ctrl Pts',(0.00500000023748113,-48.,6.00000028498471));
#753=CARTESIAN_POINT('Ctrl Pts',(0.00500000023747336,-51.,6.00000028498467));
#754=CARTESIAN_POINT('',(-5.00000007450582,-49.7493718478429,7.0000001043081));
#755=CARTESIAN_POINT('Ctrl Pts',(0.00500000023747595,-49.99999975,6.00000028498468));
#756=CARTESIAN_POINT('Ctrl Pts',(-0.355752436790334,-50.0000358252456,5.1688920212734));
#757=CARTESIAN_POINT('Ctrl Pts',(-0.81404272961783,-49.9959103568289,4.26188650623769));
#758=CARTESIAN_POINT('Ctrl Pts',(-1.47057643843331,-49.9786037374358,3.48431663143768));
#759=CARTESIAN_POINT('Ctrl Pts',(-1.65244836385366,-49.9730901817162,3.30263221941249));
#760=CARTESIAN_POINT('Ctrl Pts',(-1.97479638492614,-49.9611349218464,3.09735370830003));
#761=CARTESIAN_POINT('Ctrl Pts',(-2.10761807037281,-49.9557614433143,3.03688380581355));
#762=CARTESIAN_POINT('Ctrl Pts',(-2.36165484900752,-49.9443210309846,2.98891389329756));
#763=CARTESIAN_POINT('Ctrl Pts',(-2.4734059606122,-49.9389103423525,2.98993456750442));
#764=CARTESIAN_POINT('Ctrl Pts',(-2.70369256401741,-49.9269882381875,3.03900361381455));
#765=CARTESIAN_POINT('Ctrl Pts',(-2.814694462191,-49.9208186279936,3.08839153211987));
#766=CARTESIAN_POINT('Ctrl Pts',(-3.08118876795894,-49.9052413073859,3.25387208790534));
#767=CARTESIAN_POINT('Ctrl Pts',(-3.22798824665642,-49.8958515934105,3.39446324020147));
#768=CARTESIAN_POINT('Ctrl Pts',(-3.62950235313965,-49.8688583874222,3.8572308298599));
#769=CARTESIAN_POINT('Ctrl Pts',(-3.87933625462093,-49.8497631884875,4.28183886655467));
#770=CARTESIAN_POINT('Ctrl Pts',(-4.44649492742455,-49.8031218789011,5.42788379675689));
#771=CARTESIAN_POINT('Ctrl Pts',(-4.753542200184,-49.7741417965719,6.25433259552551));
#772=CARTESIAN_POINT('Ctrl Pts',(-5.00000007450582,-49.7493718478429,7.0000001043081));
#773=CARTESIAN_POINT('',(-5.00000007450581,-48.,7.00000010430813));
#774=CARTESIAN_POINT('Ctrl Pts',(-5.00000007450581,-48.,7.00000010430813));
#775=CARTESIAN_POINT('Ctrl Pts',(-4.9071063907819,-48.,6.71894679280548));
#776=CARTESIAN_POINT('Ctrl Pts',(-4.72070052713465,-47.9999999999999,6.17924557688503));
#777=CARTESIAN_POINT('Ctrl Pts',(-4.43923634432987,-47.9999999999999,5.43690630589713));
#778=CARTESIAN_POINT('Ctrl Pts',(-4.0601780675633,-47.9999999999999,4.58378898936004));
#779=CARTESIAN_POINT('Ctrl Pts',(-3.5796312113551,-48.,3.76097377076939));
#780=CARTESIAN_POINT('Ctrl Pts',(-3.09172424921474,-48.,3.20478293848431));
#781=CARTESIAN_POINT('Ctrl Pts',(-2.59579927420658,-48.,2.93904957786818));
#782=CARTESIAN_POINT('Ctrl Pts',(-2.09139896354439,-47.9999999999999,2.98034048950028));
#783=CARTESIAN_POINT('Ctrl Pts',(-1.57871815211972,-47.9999999999997,3.32159765901532));
#784=CARTESIAN_POINT('Ctrl Pts',(-1.05832460762336,-47.9999999999996,3.9422533509051));
#785=CARTESIAN_POINT('Ctrl Pts',(-0.636316508846657,-47.9999999999996,4.64501988181724));
#786=CARTESIAN_POINT('Ctrl Pts',(-0.316807256297606,-47.9999999999998,5.2808867760639));
#787=CARTESIAN_POINT('Ctrl Pts',(-0.102487942709802,-47.9999999999999,5.75236753614225));
#788=CARTESIAN_POINT('Ctrl Pts',(0.00500000023748113,-48.,6.00000028498471));
#789=CARTESIAN_POINT('',(-5.00000007450581,-48.,7.00000010430813));
#790=CARTESIAN_POINT('Origin',(-4.50000006705523,-48.,7.00000010430813));
#791=CARTESIAN_POINT('',(-4.50000006705524,-49.7970882622318,7.0000001043081));
#792=CARTESIAN_POINT('Origin',(0.,0.,7.00000010430813));
#793=CARTESIAN_POINT('',(-4.50000006705523,-48.,7.00000010430813));
#794=CARTESIAN_POINT('',(-5.00000007450581,-48.,7.00000010430813));
#795=CARTESIAN_POINT('',(-4.50000006705523,-48.,7.00000010430813));
#796=CARTESIAN_POINT('Ctrl Pts',(-0.0100000004749806,-48.,6.51000030920841));
#797=CARTESIAN_POINT('Ctrl Pts',(-0.0100000004749884,-51.,6.51000030920837));
#798=CARTESIAN_POINT('Ctrl Pts',(-0.119470739601015,-47.9999999999998,6.27251805632978));
#799=CARTESIAN_POINT('Ctrl Pts',(-0.119470739601022,-50.9999999999997,6.27251805632974));
#800=CARTESIAN_POINT('Ctrl Pts',(-0.336689448879101,-47.9999999999993,5.81921060230406));
#801=CARTESIAN_POINT('Ctrl Pts',(-0.336689448879109,-50.9999999999993,5.81921060230402));
#802=CARTESIAN_POINT('Ctrl Pts',(-0.657349339185132,-47.9999999999988,5.20421890059992));
#803=CARTESIAN_POINT('Ctrl Pts',(-0.65734933918514,-50.9999999999988,5.20421890059987));
#804=CARTESIAN_POINT('Ctrl Pts',(-1.07438830786327,-47.9999999999985,4.51632114774907));
#805=CARTESIAN_POINT('Ctrl Pts',(-1.07438830786328,-50.9999999999985,4.51632114774903));
#806=CARTESIAN_POINT('Ctrl Pts',(-1.57699018924255,-47.9999999999987,3.8914881343867));
#807=CARTESIAN_POINT('Ctrl Pts',(-1.57699018924256,-50.9999999999987,3.89148813438666));
#808=CARTESIAN_POINT('Ctrl Pts',(-2.05924113137833,-47.9999999999992,3.52248823076841));
#809=CARTESIAN_POINT('Ctrl Pts',(-2.05924113137833,-50.9999999999992,3.52248823076837));
#810=CARTESIAN_POINT('Ctrl Pts',(-2.51950657985868,-48.,3.42986953707098));
#811=CARTESIAN_POINT('Ctrl Pts',(-2.51950657985869,-51.,3.42986953707094));
#812=CARTESIAN_POINT('Ctrl Pts',(-2.95694233116783,-48.0000000000009,3.62424459594634));
#813=CARTESIAN_POINT('Ctrl Pts',(-2.95694233116784,-51.0000000000009,3.6242445959463));
#814=CARTESIAN_POINT('Ctrl Pts',(-3.3725091188421,-48.0000000000016,4.09353595754009));
#815=CARTESIAN_POINT('Ctrl Pts',(-3.37250911884211,-51.0000000000016,4.09353595754005));
#816=CARTESIAN_POINT('Ctrl Pts',(-3.76788093638969,-48.000000000002,4.81669972998392));
#817=CARTESIAN_POINT('Ctrl Pts',(-3.7678809363897,-51.000000000002,4.81669972998388));
#818=CARTESIAN_POINT('Ctrl Pts',(-4.06935989961069,-48.0000000000016,5.58151505365134));
#819=CARTESIAN_POINT('Ctrl Pts',(-4.0693598996107,-51.0000000000016,5.5815150536513));
#820=CARTESIAN_POINT('Ctrl Pts',(-4.28766526350717,-48.000000000001,6.25322940883891));
#821=CARTESIAN_POINT('Ctrl Pts',(-4.28766526350718,-51.000000000001,6.25322940883887));
#822=CARTESIAN_POINT('Ctrl Pts',(-4.42979044120234,-48.0000000000004,6.74392810002806));
#823=CARTESIAN_POINT('Ctrl Pts',(-4.42979044120235,-51.0000000000004,6.74392810002801));
#824=CARTESIAN_POINT('Ctrl Pts',(-4.50000006705523,-48.,7.00000010430813));
#825=CARTESIAN_POINT('Ctrl Pts',(-4.50000006705524,-51.,7.00000010430809));
#826=CARTESIAN_POINT('',(-0.0100000004749858,-49.9999989999999,6.51000030920838));
#827=CARTESIAN_POINT('Ctrl Pts',(-4.50000006705524,-49.7970882622318,7.00000010430813));
#828=CARTESIAN_POINT('Ctrl Pts',(-4.26456361577193,-49.8183638846333,6.14130468714371));
#829=CARTESIAN_POINT('Ctrl Pts',(-3.95415919926926,-49.8448262738023,5.19445547452042));
#830=CARTESIAN_POINT('Ctrl Pts',(-3.4346954154578,-49.8820966260154,4.24124323810981));
#831=CARTESIAN_POINT('Ctrl Pts',(-3.27087167561818,-49.8932411592308,3.99524995514272));
#832=CARTESIAN_POINT('Ctrl Pts',(-2.98524347183646,-49.9109068034408,3.71160925839024));
#833=CARTESIAN_POINT('Ctrl Pts',(-2.86872111925893,-49.9178082567948,3.62112518681995));
#834=CARTESIAN_POINT('Ctrl Pts',(-2.64557443075868,-49.9300460871038,3.52241414318698));
#835=CARTESIAN_POINT('Ctrl Pts',(-2.54906408517393,-49.9350829743881,3.49913795327527));
#836=CARTESIAN_POINT('Ctrl Pts',(-2.35007987632551,-49.944836921492,3.49498202834359));
#837=CARTESIAN_POINT('Ctrl Pts',(-2.25468768447219,-49.9492233931652,3.51294652373858));
#838=CARTESIAN_POINT('Ctrl Pts',(-2.03307354972907,-49.9588167092703,3.59160629114634));
#839=CARTESIAN_POINT('Ctrl Pts',(-1.91204905243144,-49.9635455236243,3.66582580805494));
#840=CARTESIAN_POINT('Ctrl Pts',(-1.59283185811067,-49.9750667551438,3.91155509818069));
#841=CARTESIAN_POINT('Ctrl Pts',(-1.39246010927996,-49.9809420081438,4.13679950991044));
#842=CARTESIAN_POINT('Ctrl Pts',(-0.752133171290982,-49.9964355193595,4.99044799852825));
#843=CARTESIAN_POINT('Ctrl Pts',(-0.327568211855583,-49.9999354863533,5.8210781836852));
#844=CARTESIAN_POINT('Ctrl Pts',(-0.0100000004749858,-49.9999989999999,
6.51000030920838));
#845=CARTESIAN_POINT('',(-0.0100000004749806,-48.,6.51000030920841));
#846=CARTESIAN_POINT('Ctrl Pts',(-4.50000006705523,-48.,7.00000010430813));
#847=CARTESIAN_POINT('Ctrl Pts',(-4.42979044120234,-48.0000000000004,6.74392810002806));
#848=CARTESIAN_POINT('Ctrl Pts',(-4.28766526350717,-48.000000000001,6.25322940883891));
#849=CARTESIAN_POINT('Ctrl Pts',(-4.06935989961069,-48.0000000000016,5.58151505365134));
#850=CARTESIAN_POINT('Ctrl Pts',(-3.76788093638969,-48.000000000002,4.81669972998392));
#851=CARTESIAN_POINT('Ctrl Pts',(-3.3725091188421,-48.0000000000016,4.09353595754009));
#852=CARTESIAN_POINT('Ctrl Pts',(-2.95694233116783,-48.0000000000009,3.62424459594634));
#853=CARTESIAN_POINT('Ctrl Pts',(-2.51950657985868,-48.,3.42986953707098));
#854=CARTESIAN_POINT('Ctrl Pts',(-2.05924113137833,-47.9999999999992,3.52248823076841));
#855=CARTESIAN_POINT('Ctrl Pts',(-1.57699018924255,-47.9999999999987,3.8914881343867));
#856=CARTESIAN_POINT('Ctrl Pts',(-1.07438830786327,-47.9999999999985,4.51632114774907));
#857=CARTESIAN_POINT('Ctrl Pts',(-0.657349339185132,-47.9999999999988,5.20421890059992));
#858=CARTESIAN_POINT('Ctrl Pts',(-0.336689448879101,-47.9999999999993,5.81921060230406));
#859=CARTESIAN_POINT('Ctrl Pts',(-0.119470739601015,-47.9999999999998,6.27251805632978));
#860=CARTESIAN_POINT('Ctrl Pts',(-0.0100000004749806,-48.,6.51000030920841));
#861=CARTESIAN_POINT('',(-0.0100000004749806,-48.,6.51000030920841));
#862=CARTESIAN_POINT('Ctrl Pts',(4.47422879902924,-48.,7.00000010430813));
#863=CARTESIAN_POINT('Ctrl Pts',(4.47422879902924,-51.,7.00000010430809));
#864=CARTESIAN_POINT('Ctrl Pts',(4.40394484054442,-48.0000000000005,6.74394613592499));
#865=CARTESIAN_POINT('Ctrl Pts',(4.40394484054441,-51.0000000000004,6.74394613592495));
#866=CARTESIAN_POINT('Ctrl Pts',(4.26168766600653,-48.0000000000012,6.25328011391278));
#867=CARTESIAN_POINT('Ctrl Pts',(4.26168766600652,-51.0000000000012,6.25328011391274));
#868=CARTESIAN_POINT('Ctrl Pts',(4.04323431102945,-48.000000000002,5.58160454630713));
#869=CARTESIAN_POINT('Ctrl Pts',(4.04323431102945,-51.000000000002,5.58160454630709));
#870=CARTESIAN_POINT('Ctrl Pts',(3.74165968939116,-48.0000000000024,4.81682024304306));
#871=CARTESIAN_POINT('Ctrl Pts',(3.74165968939115,-51.0000000000024,4.81682024304302));
#872=CARTESIAN_POINT('Ctrl Pts',(3.3463491524087,-48.0000000000019,4.09365999826823));
#873=CARTESIAN_POINT('Ctrl Pts',(3.3463491524087,-51.0000000000019,4.09365999826819));
#874=CARTESIAN_POINT('Ctrl Pts',(2.93104033857783,-48.000000000001,3.6243398756114));
#875=CARTESIAN_POINT('Ctrl Pts',(2.93104033857783,-51.000000000001,3.62433987561136));
#876=CARTESIAN_POINT('Ctrl Pts',(2.49407479323069,-48.,3.42991080554109));
#877=CARTESIAN_POINT('Ctrl Pts',(2.49407479323068,-51.,3.42991080554105));
#878=CARTESIAN_POINT('Ctrl Pts',(2.03449935088562,-47.9999999999991,3.52247141255838));
#879=CARTESIAN_POINT('Ctrl Pts',(2.03449935088562,-50.9999999999991,3.52247141255834));
#880=CARTESIAN_POINT('Ctrl Pts',(1.55314832375029,-47.9999999999986,3.89143168861998));
#881=CARTESIAN_POINT('Ctrl Pts',(1.55314832375028,-50.9999999999986,3.89143168861994));
#882=CARTESIAN_POINT('Ctrl Pts',(1.05163994010823,-47.9999999999985,4.5162513007645));
#883=CARTESIAN_POINT('Ctrl Pts',(1.05163994010822,-50.9999999999985,4.51625130076446));
#884=CARTESIAN_POINT('Ctrl Pts',(0.635617681023814,-47.9999999999988,5.20416227148116));
#885=CARTESIAN_POINT('Ctrl Pts',(0.635617681023806,-50.9999999999988,5.20416227148112));
#886=CARTESIAN_POINT('Ctrl Pts',(0.315795038424598,-47.9999999999993,5.81917717946299));
#887=CARTESIAN_POINT('Ctrl Pts',(0.315795038424591,-50.9999999999993,5.81917717946295));
#888=CARTESIAN_POINT('Ctrl Pts',(0.0991671579764561,-47.9999999999998,6.2725059432689));
#889=CARTESIAN_POINT('Ctrl Pts',(0.0991671579764483,-50.9999999999998,6.27250594326886));
#890=CARTESIAN_POINT('Ctrl Pts',(-0.0100000004749806,-48.,6.51000030920841));
#891=CARTESIAN_POINT('Ctrl Pts',(-0.0100000004749884,-51.,6.51000030920837));
#892=CARTESIAN_POINT('Ctrl Pts',(-0.0100000004749858,-49.9999989999999,
6.51000030920838));
#893=CARTESIAN_POINT('Ctrl Pts',(0.357243882766221,-50.0000724487815,5.71105716153699));
#894=CARTESIAN_POINT('Ctrl Pts',(0.81599262381756,-49.995684714384,4.83378281919963));
#895=CARTESIAN_POINT('Ctrl Pts',(1.46892743617284,-49.9787038501308,4.02533549594826));
#896=CARTESIAN_POINT('Ctrl Pts',(1.65263060081472,-49.9730534146152,3.83543523774941));
#897=CARTESIAN_POINT('Ctrl Pts',(1.95997813293227,-49.9617013841778,3.62065178349926));
#898=CARTESIAN_POINT('Ctrl Pts',(2.08720043912238,-49.9566017063281,3.55347482293469));
#899=CARTESIAN_POINT('Ctrl Pts',(2.32021945129034,-49.9462317414029,3.49593121167456));
#900=CARTESIAN_POINT('Ctrl Pts',(2.41840096111148,-49.9415775468761,3.49001939567343));
#901=CARTESIAN_POINT('Ctrl Pts',(2.61450543620484,-49.9316914343618,3.52039565971366));
#902=CARTESIAN_POINT('Ctrl Pts',(2.70569186286493,-49.926812143232,3.55482143380043));
#903=CARTESIAN_POINT('Ctrl Pts',(2.91309986292835,-49.9152156006288,3.67178433916214));
#904=CARTESIAN_POINT('Ctrl Pts',(3.02194281995007,-49.908685141111,3.76773758227147));
#905=CARTESIAN_POINT('Ctrl Pts',(3.30288680430643,-49.8911393413045,4.07290247502467));
#906=CARTESIAN_POINT('Ctrl Pts',(3.46849235053924,-49.8797620190501,4.33883413518403));
#907=CARTESIAN_POINT('Ctrl Pts',(3.97388315136158,-49.8431430431125,5.32183340286846));
#908=CARTESIAN_POINT('Ctrl Pts',(4.26647083305605,-49.8180764223522,6.24310972992587));
#909=CARTESIAN_POINT('Ctrl Pts',(4.47422879902924,-49.7994104046819,7.0000001043081));
#910=CARTESIAN_POINT('Ctrl Pts',(4.47422879902924,-48.,7.00000010430813));
#911=CARTESIAN_POINT('Ctrl Pts',(4.40394484054442,-48.0000000000005,6.74394613592499));
#912=CARTESIAN_POINT('Ctrl Pts',(4.26168766600653,-48.0000000000012,6.25328011391278));
#913=CARTESIAN_POINT('Ctrl Pts',(4.04323431102945,-48.000000000002,5.58160454630713));
#914=CARTESIAN_POINT('Ctrl Pts',(3.74165968939116,-48.0000000000024,4.81682024304306));
#915=CARTESIAN_POINT('Ctrl Pts',(3.3463491524087,-48.0000000000019,4.09365999826823));
#916=CARTESIAN_POINT('Ctrl Pts',(2.93104033857783,-48.000000000001,3.6243398756114));
#917=CARTESIAN_POINT('Ctrl Pts',(2.49407479323069,-48.,3.42991080554109));
#918=CARTESIAN_POINT('Ctrl Pts',(2.03449935088562,-47.9999999999991,3.52247141255838));
#919=CARTESIAN_POINT('Ctrl Pts',(1.55314832375029,-47.9999999999986,3.89143168861998));
#920=CARTESIAN_POINT('Ctrl Pts',(1.05163994010823,-47.9999999999985,4.5162513007645));
#921=CARTESIAN_POINT('Ctrl Pts',(0.635617681023814,-47.9999999999988,5.20416227148116));
#922=CARTESIAN_POINT('Ctrl Pts',(0.315795038424598,-47.9999999999993,5.81917717946299));
#923=CARTESIAN_POINT('Ctrl Pts',(0.0991671579764561,-47.9999999999998,6.2725059432689));
#924=CARTESIAN_POINT('Ctrl Pts',(-0.0100000004749806,-48.,6.51000030920841));
#925=CARTESIAN_POINT('Origin',(0.00600959589342332,-47.9999999999999,4.96951366324552));
#926=CARTESIAN_POINT('Origin',(11.5999997407198,-48.,7.49999983236194));
#927=CARTESIAN_POINT('',(14.,-48.,8.55882353880878));
#928=CARTESIAN_POINT('',(11.5999997407198,-48.6357893532664,7.49999983236193));
#929=CARTESIAN_POINT('Origin',(0.,0.,2.38235258513475));
#930=CARTESIAN_POINT('',(11.5999997407198,-48.,7.49999983236194));
#931=CARTESIAN_POINT('',(11.5999997407198,-48.,7.49999983236194));
#932=CARTESIAN_POINT('',(11.5999997407198,-48.,7.49999983236194));
#933=CARTESIAN_POINT('Origin',(15.0000002235174,-48.,6.00000008940697));
#934=CARTESIAN_POINT('',(14.,-48.,6.44117652035758));
#935=CARTESIAN_POINT('Origin',(0.,0.,12.6176451731187));
#936=CARTESIAN_POINT('',(15.0000002235174,-48.,6.00000008940697));
#937=CARTESIAN_POINT('Origin',(10.0000001490116,-48.,7.50000011175871));
#938=CARTESIAN_POINT('',(14.,-48.,5.50000018626451));
#939=CARTESIAN_POINT('',(10.0000001490116,-48.9897948252467,7.5000001117587));
#940=CARTESIAN_POINT('Origin',(0.,0.,12.5000001862652));
#941=CARTESIAN_POINT('',(10.0000001490116,-48.,7.50000011175871));
#942=CARTESIAN_POINT('',(10.0000001490116,-48.,7.50000011175871));
#943=CARTESIAN_POINT('',(10.0000001490116,-48.,7.50000011175871));
#944=CARTESIAN_POINT('Origin',(15.0000002235174,-48.,10.0000001490116));
#945=CARTESIAN_POINT('',(14.,-48.,9.5000000372529));
#946=CARTESIAN_POINT('Origin',(0.,0.,2.50000003725349));
#947=CARTESIAN_POINT('',(15.0000002235174,-48.,10.0000001490116));
#948=CARTESIAN_POINT('Origin',(12.5000001862645,-48.,7.50000011175871));
#949=CARTESIAN_POINT('',(14.,-48.,0.));
#950=CARTESIAN_POINT('',(14.,-48.,0.));
#951=CARTESIAN_POINT('Origin',(0.,29.9591377567353,18.1752336443915));
#952=CARTESIAN_POINT('',(-7.42628546991846,28.9249340586413,18.));
#953=CARTESIAN_POINT('',(7.42628546991846,28.9249340586413,18.));
#954=CARTESIAN_POINT('Origin',(0.,29.9888290353329,18.));
#955=CARTESIAN_POINT('Origin',(0.,29.9591377567353,18.1752336443915));
#956=CARTESIAN_POINT('Origin',(0.,0.,18.));
#957=CARTESIAN_POINT('',(-45.,5.51091059616309E-15,18.));
#958=CARTESIAN_POINT('Origin',(0.,0.,18.));
#959=CARTESIAN_POINT('',(27.5,-30.,18.));
#960=CARTESIAN_POINT('Origin',(20.,-30.,18.));
#961=CARTESIAN_POINT('',(-12.5,-30.,18.));
#962=CARTESIAN_POINT('Origin',(-20.,-30.,18.));
#963=CARTESIAN_POINT('',(-9.19803671998204E-16,22.3719284322195,18.));
#964=CARTESIAN_POINT('Ctrl Pts',(7.42598371333943,28.9246929308031,17.9999591437258));
#965=CARTESIAN_POINT('Ctrl Pts',(7.39710677691686,28.7133068417971,17.999973089128));
#966=CARTESIAN_POINT('Ctrl Pts',(7.35948877044809,28.5035375808963,17.9999870455363));
#967=CARTESIAN_POINT('Ctrl Pts',(7.31314696812301,28.2959281488609,18.0000024223383));
#968=CARTESIAN_POINT('Ctrl Pts',(7.26891626603583,28.0977763619618,18.0000170986502));
#969=CARTESIAN_POINT('Ctrl Pts',(7.21673815338874,27.9015914124853,18.0000329469602));
#970=CARTESIAN_POINT('Ctrl Pts',(7.15687478354375,27.7078101531785,18.0000448263286));
#971=CARTESIAN_POINT('Ctrl Pts',(7.09683140236519,27.5134461865668,18.0000567414186));
#972=CARTESIAN_POINT('Ctrl Pts',(7.02905618558542,27.3214997451211,18.0000645542877));
#973=CARTESIAN_POINT('Ctrl Pts',(6.9537633972371,27.1324270438654,18.0000653167101));
#974=CARTESIAN_POINT('Ctrl Pts',(6.87914219787416,26.9450408141349,18.0000660723318));
#975=CARTESIAN_POINT('Ctrl Pts',(6.79713657685137,26.7604766983717,18.0000598018998));
#976=CARTESIAN_POINT('Ctrl Pts',(6.70791081658444,26.5792030556002,18.0000473906642));
#977=CARTESIAN_POINT('Ctrl Pts',(6.62934376307944,26.4195839506683,18.0000364620467));
#978=CARTESIAN_POINT('Ctrl Pts',(6.54517777863283,26.2625162046363,18.0000207796123));
#979=CARTESIAN_POINT('Ctrl Pts',(6.45549938148419,26.108340876921,18.0000043348273));
#980=CARTESIAN_POINT('Ctrl Pts',(6.35326871018904,25.9325856476727,17.9999855882677));
#981=CARTESIAN_POINT('Ctrl Pts',(6.24426116764665,25.7612523149509,17.999965101626));
#982=CARTESIAN_POINT('Ctrl Pts',(6.12871926102433,25.5947768918602,17.9999516433617));
#983=CARTESIAN_POINT('Ctrl Pts',(6.04531752382158,25.4746097603561,17.9999419287685));
#984=CARTESIAN_POINT('Ctrl Pts',(5.95851006273433,25.3569741007885,17.9999359236336));
#985=CARTESIAN_POINT('Ctrl Pts',(5.86837329577264,25.2420419357148,17.9999382252152));
#986=CARTESIAN_POINT('Ctrl Pts',(5.74355083593666,25.0828825156207,17.9999414124727));
#987=CARTESIAN_POINT('Ctrl Pts',(5.61234509978714,24.9289059575698,17.9999602495355));
#988=CARTESIAN_POINT('Ctrl Pts',(5.47514244502451,24.7804098228806,17.9999800605124));
#989=CARTESIAN_POINT('Ctrl Pts',(5.3380402412966,24.6320224075921,17.999999856985));
#990=CARTESIAN_POINT('Ctrl Pts',(5.19494934993395,24.4891069583346,18.0000205514235));
#991=CARTESIAN_POINT('Ctrl Pts',(5.04622164688499,24.351999374128,18.0000340456213));
#992=CARTESIAN_POINT('Ctrl Pts',(4.89914558556791,24.216414388625,18.0000473899642));
#993=CARTESIAN_POINT('Ctrl Pts',(4.74655664735173,24.0865086345475,18.0000536318031));
#994=CARTESIAN_POINT('Ctrl Pts',(4.58877055682421,23.9626508572052,18.0000523339391));
#995=CARTESIAN_POINT('Ctrl Pts',(4.56186679497668,23.9415321379731,18.0000521126431));
#996=CARTESIAN_POINT('Ctrl Pts',(4.53481188993683,23.9205893628064,18.0000516909929));
#997=CARTESIAN_POINT('Ctrl Pts',(4.50760735273887,23.8998245006473,18.0000510906149));
#998=CARTESIAN_POINT('Ctrl Pts',(4.34685310438089,23.7771229165569,18.0000475429229));
#999=CARTESIAN_POINT('Ctrl Pts',(4.18152504587733,23.6611254264639,18.0000361624927));
#1000=CARTESIAN_POINT('Ctrl Pts',(4.01202969000326,23.5521023011341,18.0000227095368));
#1001=CARTESIAN_POINT('Ctrl Pts',(3.84269574400389,23.4431829981711,18.000009269392));
#1002=CARTESIAN_POINT('Ctrl Pts',(3.66920187153531,23.3412243693667,17.9999936894757));
#1003=CARTESIAN_POINT('Ctrl Pts',(3.4919212312037,23.2465357777677,17.9999886084967));
#1004=CARTESIAN_POINT('Ctrl Pts',(3.41478962281991,23.2053384797889,17.9999863978544));
#1005=CARTESIAN_POINT('Ctrl Pts',(3.33694083141846,23.165517920102,17.9999862692136));
#1006=CARTESIAN_POINT('Ctrl Pts',(3.25840409531523,23.1271022436318,17.9999897244399));
#1007=CARTESIAN_POINT('Ctrl Pts',(3.0775815915491,23.0386542236619,17.9999976797318));
#1008=CARTESIAN_POINT('Ctrl Pts',(2.89311324458929,22.9576501847259,18.0000240516928));
#1009=CARTESIAN_POINT('Ctrl Pts',(2.70547020025184,22.8842145750649,18.0000505422688));
#1010=CARTESIAN_POINT('Ctrl Pts',(2.51891234103341,22.8112036612996,18.0000768796433));
#1011=CARTESIAN_POINT('Ctrl Pts',(2.32921571366196,22.7456737646383,18.0001033123985));
#1012=CARTESIAN_POINT('Ctrl Pts',(2.13683400758612,22.6877967807446,18.0001205021365));
#1013=CARTESIAN_POINT('Ctrl Pts',(2.06029960373499,22.6647718240096,18.0001273406575));
#1014=CARTESIAN_POINT('Ctrl Pts',(1.98334019707799,22.6429586215293,18.0001328145127));
#1015=CARTESIAN_POINT('Ctrl Pts',(1.90598430787921,22.6223702683615,18.0001367318823));
#1016=CARTESIAN_POINT('Ctrl Pts',(1.71110893205128,22.570503977342,18.0001466005411));
#1017=CARTESIAN_POINT('Ctrl Pts',(1.51453987457408,22.5266264081836,18.0001450865317));
#1018=CARTESIAN_POINT('Ctrl Pts',(1.31677369595833,22.4907818390329,18.0001329299821));
#1019=CARTESIAN_POINT('Ctrl Pts',(1.11826387950801,22.4548024875955,18.0001207277215));
#1020=CARTESIAN_POINT('Ctrl Pts',(0.918547234747356,22.426916490785,18.0000977735141));
#1021=CARTESIAN_POINT('Ctrl Pts',(0.71810862086704,22.4072174085553,18.0000734373072));
#1022=CARTESIAN_POINT('Ctrl Pts',(0.518755752640275,22.3876250332744,18.0000492329259));
#1023=CARTESIAN_POINT('Ctrl Pts',(0.318688027718044,22.376131014004,18.000023643399));
#1024=CARTESIAN_POINT('Ctrl Pts',(0.118375684465765,22.3728774992261,18.0000147330809));
#1025=CARTESIAN_POINT('Ctrl Pts',(0.0789254148358242,22.3722367397345,18.0000129782491));
#1026=CARTESIAN_POINT('Ctrl Pts',(0.0394656545499985,22.3719157628023,18.0000118984777));
#1027=CARTESIAN_POINT('Ctrl Pts',(3.42742851938152E-14,22.3719158906663,
18.000011673486));
#1028=CARTESIAN_POINT('Ctrl Pts',(3.28626015289046E-14,22.3719158906663,
18.000011673486));
#1029=CARTESIAN_POINT('Ctrl Pts',(-0.201187048547963,22.3719156048035,18.0000119253255));
#1030=CARTESIAN_POINT('Ctrl Pts',(-0.402505907892447,22.3802503334957,18.0000330041018));
#1031=CARTESIAN_POINT('Ctrl Pts',(-0.603478231916477,22.3968393315344,18.0000554105632));
#1032=CARTESIAN_POINT('Ctrl Pts',(-0.720952637363836,22.4065361029233,18.000068507818));
#1033=CARTESIAN_POINT('Ctrl Pts',(-0.838308483200467,22.4190541038758,18.0000822262657));
#1034=CARTESIAN_POINT('Ctrl Pts',(-0.955447911185229,22.4343850128954,18.0000940539646));
#1035=CARTESIAN_POINT('Ctrl Pts',(-1.15578070437044,22.4606040569766,18.0001142817904));
#1036=CARTESIAN_POINT('Ctrl Pts',(-1.35463078370543,22.4949359291623,18.0001293831659));
#1037=CARTESIAN_POINT('Ctrl Pts',(-1.55153306351596,22.5371729434144,18.0001323591205));
#1038=CARTESIAN_POINT('Ctrl Pts',(-1.74853914098605,22.5794322230421,18.000135336644));
#1039=CARTESIAN_POINT('Ctrl Pts',(-1.94359605420573,22.6296051549579,18.0001262066586));
#1040=CARTESIAN_POINT('Ctrl Pts',(-2.13623826824656,22.6875364738267,18.0001072033393));
#1041=CARTESIAN_POINT('Ctrl Pts',(-2.32872823461662,22.7454220088137,18.0000882150386));
#1042=CARTESIAN_POINT('Ctrl Pts',(-2.51880799877041,22.8110538421112,18.0000593985039));
#1043=CARTESIAN_POINT('Ctrl Pts',(-2.70600314283895,22.8843271396396,18.0000317557996));
#1044=CARTESIAN_POINT('Ctrl Pts',(-2.89319828690749,22.9576004371681,18.0000041130954));
#1045=CARTESIAN_POINT('Ctrl Pts',(-3.07750949586422,23.0385153486255,17.9999776697827));
#1046=CARTESIAN_POINT('Ctrl Pts',(-3.25844212087392,23.1270147406786,17.9999717938449));
#1047=CARTESIAN_POINT('Ctrl Pts',(-3.39881951658628,23.1956773944033,17.999967234972));
#1048=CARTESIAN_POINT('Ctrl Pts',(-3.53716280776918,23.2689066330104,17.999975251622));
#1049=CARTESIAN_POINT('Ctrl Pts',(-3.67328442962669,23.3465720601005,17.99998759809));
#1050=CARTESIAN_POINT('Ctrl Pts',(-3.84562165929287,23.4449006309984,18.0000032293766));
#1051=CARTESIAN_POINT('Ctrl Pts',(-4.0137075927713,23.5499439420983,18.0000263256374));
#1052=CARTESIAN_POINT('Ctrl Pts',(-4.17723432613906,23.661310288856,18.0000442892472));
#1053=CARTESIAN_POINT('Ctrl Pts',(-4.344012286225,23.7748908132874,18.0000626100082));
#1054=CARTESIAN_POINT('Ctrl Pts',(-4.50604854230652,23.8950485858616,18.0000756416991));
#1055=CARTESIAN_POINT('Ctrl Pts',(-4.66299806950912,24.021418382199,18.0000785768983));
#1056=CARTESIAN_POINT('Ctrl Pts',(-4.82042208956775,24.1481702221567,18.0000815209713));
#1057=CARTESIAN_POINT('Ctrl Pts',(-4.97272914260347,24.2811721300659,18.0000743809437));
#1058=CARTESIAN_POINT('Ctrl Pts',(-5.11954407346724,24.4201000767262,18.0000598602117));
#1059=CARTESIAN_POINT('Ctrl Pts',(-5.26510176137074,24.5578383202555,18.0000454638274));
#1060=CARTESIAN_POINT('Ctrl Pts',(-5.40526148150591,24.7014020209576,18.0000238946132));
#1061=CARTESIAN_POINT('Ctrl Pts',(-5.53962333055959,24.8505122178056,18.0000040204734));
#1062=CARTESIAN_POINT('Ctrl Pts',(-5.65292520557948,24.9762507738501,17.9999872614207));
#1063=CARTESIAN_POINT('Ctrl Pts',(-5.76210388166034,25.1059341220443,17.9999718358308));
#1064=CARTESIAN_POINT('Ctrl Pts',(-5.86689639853846,25.2394119488895,17.9999659257529));
#1065=CARTESIAN_POINT('Ctrl Pts',(-5.86763194918199,25.2403488449996,17.9999658842694));
#1066=CARTESIAN_POINT('Ctrl Pts',(-5.86836726955774,25.2412859101842,17.9999658432738));
#1067=CARTESIAN_POINT('Ctrl Pts',(-5.86910235959595,25.242223144373,17.9999658027691));
#1068=CARTESIAN_POINT('Ctrl Pts',(-5.99291766668506,25.4000867159907,17.9999589803423));
#1069=CARTESIAN_POINT('Ctrl Pts',(-6.11020114043823,25.5627417079715,17.9999655428756));
#1070=CARTESIAN_POINT('Ctrl Pts',(-6.22082838162729,25.7297024002114,17.9999744519192));
#1071=CARTESIAN_POINT('Ctrl Pts',(-6.33255257569467,25.8983186341601,17.9999834493027));
#1072=CARTESIAN_POINT('Ctrl Pts',(-6.4374882280808,26.0713269413082,17.999994936378));
#1073=CARTESIAN_POINT('Ctrl Pts',(-6.53546779390195,26.2482625887447,18.0000033180392));
#1074=CARTESIAN_POINT('Ctrl Pts',(-6.63384597273962,26.4259180684397,18.0000117337997));
#1075=CARTESIAN_POINT('Ctrl Pts',(-6.72521168277645,26.6075335166648,18.0000171229491));
#1076=CARTESIAN_POINT('Ctrl Pts',(-6.80935070906525,26.7926653201811,18.0000180925323));
#1077=CARTESIAN_POINT('Ctrl Pts',(-6.83705507652534,26.8536234717,18.0000184117859));
#1078=CARTESIAN_POINT('Ctrl Pts',(-6.86397556131161,26.914963035411,18.0000182794155));
#1079=CARTESIAN_POINT('Ctrl Pts',(-6.89010336796415,26.9766686343062,18.0000177167724));
#1080=CARTESIAN_POINT('Ctrl Pts',(-6.96954855960917,27.164292999221,18.0000160059787));
#1081=CARTESIAN_POINT('Ctrl Pts',(-7.04146998736769,27.3548309881312,18.0000102498969));
#1082=CARTESIAN_POINT('Ctrl Pts',(-7.1057003535622,27.547817563335,18.0000031886656));
#1083=CARTESIAN_POINT('Ctrl Pts',(-7.16992106453103,27.7407751284451,17.9999961284957));
#1084=CARTESIAN_POINT('Ctrl Pts',(-7.22645331708628,27.9361811734717,17.9999878705274));
#1085=CARTESIAN_POINT('Ctrl Pts',(-7.27508323604183,28.1335931195292,17.9999845560649));
#1086=CARTESIAN_POINT('Ctrl Pts',(-7.28836701045822,28.187518271264,17.9999836506846));
#1087=CARTESIAN_POINT('Ctrl Pts',(-7.30106085640553,28.2415931944145,17.9999831286064));
#1088=CARTESIAN_POINT('Ctrl Pts',(-7.31315976428164,28.2958090615683,17.9999831429522));
#1089=CARTESIAN_POINT('Ctrl Pts',(-7.35954018218191,28.5036422479324,17.9999831979462));
#1090=CARTESIAN_POINT('Ctrl Pts',(-7.39718266024207,28.7135461450059,17.9999910919252));
#1091=CARTESIAN_POINT('Ctrl Pts',(-7.42608618580976,28.92494498355,18.0000018510972));
#1092=CARTESIAN_POINT('Ctrl Pts',(-3.88578058618805E-15,54.356191962305,
103.603811851726));
#1093=CARTESIAN_POINT('Ctrl Pts',(-0.641819780496988,54.356191962305,103.603811851726));
#1094=CARTESIAN_POINT('Ctrl Pts',(-1.92519683825558,54.2190797347475,103.342695824173));
#1095=CARTESIAN_POINT('Ctrl Pts',(-3.46427726829448,53.6440300649497,102.247573324173));
#1096=CARTESIAN_POINT('Ctrl Pts',(-4.31555903132592,52.815643719849,100.669997380982));
#1097=CARTESIAN_POINT('Ctrl Pts',(-4.31367994064104,52.0001417400783,99.116958376272));
#1098=CARTESIAN_POINT('Ctrl Pts',(-3.60807443867524,51.1565484634439,97.5104224079685));
#1099=CARTESIAN_POINT('Ctrl Pts',(-1.97845180438056,50.4433998445841,96.15230477157));
#1100=CARTESIAN_POINT('Ctrl Pts',(0.236259425300309,50.2889514959186,95.8581738980214));
#1101=CARTESIAN_POINT('Ctrl Pts',(2.09581661040961,50.5588126031178,96.3720964092241));
#1102=CARTESIAN_POINT('Ctrl Pts',(3.46346679448353,51.0698395456283,97.3452942601965));
#1103=CARTESIAN_POINT('Ctrl Pts',(4.31429630364673,51.8982922861527,98.9229966465906));
#1104=CARTESIAN_POINT('Ctrl Pts',(4.31516207339343,52.8157009747219,100.670106416954));
#1105=CARTESIAN_POINT('Ctrl Pts',(3.46498910410005,53.6441133972755,102.247732021951));
#1106=CARTESIAN_POINT('Ctrl Pts',(1.92490374857386,54.2191006390069,103.342735634169));
#1107=CARTESIAN_POINT('Ctrl Pts',(0.641819780496978,54.356191962305,103.603811851726));
#1108=CARTESIAN_POINT('Ctrl Pts',(-4.64905891561784E-15,54.356191962305,
103.603811851726));
#1109=CARTESIAN_POINT('Ctrl Pts',(-4.15250765473319E-15,54.7286353262989,
104.313091639729));
#1110=CARTESIAN_POINT('Ctrl Pts',(-0.762569690575563,54.7286353262989,104.313091639729));
#1111=CARTESIAN_POINT('Ctrl Pts',(-2.2870302013761,54.5644356650534,104.000344074478));
#1112=CARTESIAN_POINT('Ctrl Pts',(-4.10423849787497,53.8779831483505,102.693061467131));
#1113=CARTESIAN_POINT('Ctrl Pts',(-5.09194601576214,52.8956998010021,100.822413368881));
#1114=CARTESIAN_POINT('Ctrl Pts',(-5.06914214934018,51.9370825695357,98.9968595362465));
#1115=CARTESIAN_POINT('Ctrl Pts',(-4.22146648122139,50.9526203159649,97.1221316536548));
#1116=CARTESIAN_POINT('Ctrl Pts',(-2.30461830880311,50.1281603646831,95.5520674878856));
#1117=CARTESIAN_POINT('Ctrl Pts',(0.27457745056277,49.9507946502821,95.2142595798979));
#1118=CARTESIAN_POINT('Ctrl Pts',(2.44483790451284,50.2615892120417,95.806130586672));
#1119=CARTESIAN_POINT('Ctrl Pts',(4.05037721574725,50.852349609062,96.9311259403145));
#1120=CARTESIAN_POINT('Ctrl Pts',(5.06718323074234,51.8172773971,98.7687200475825));
#1121=CARTESIAN_POINT('Ctrl Pts',(5.09153455015599,52.8957243320107,100.822502333583));
#1122=CARTESIAN_POINT('Ctrl Pts',(4.10503625364425,53.8780686964336,102.693211413211));
#1123=CARTESIAN_POINT('Ctrl Pts',(2.28670054300812,54.5644545273964,104.000389285239));
#1124=CARTESIAN_POINT('Ctrl Pts',(0.762569690575443,54.7286353262989,104.313091639729));
#1125=CARTESIAN_POINT('Ctrl Pts',(-4.24653232443491E-15,54.7286353262989,
104.313091639729));
#1126=CARTESIAN_POINT('Ctrl Pts',(-4.68416082629002E-15,55.1224448044733,
105.909892520079));
#1127=CARTESIAN_POINT('Ctrl Pts',(-1.00339756995911,55.1224448044733,105.909892520079));
#1128=CARTESIAN_POINT('Ctrl Pts',(-3.00835516746002,54.9066370822042,105.493205186427));
#1129=CARTESIAN_POINT('Ctrl Pts',(-5.38030349081478,54.0082745926425,103.757829944493));
#1130=CARTESIAN_POINT('Ctrl Pts',(-6.64030037917656,52.7344776328493,101.294935095153));
#1131=CARTESIAN_POINT('Ctrl Pts',(-6.57616555997677,51.506482321656,98.917344120319));
#1132=CARTESIAN_POINT('Ctrl Pts',(-5.4452901328423,50.2585603124819,96.4981360427949));
#1133=CARTESIAN_POINT('Ctrl Pts',(-2.95559299562204,49.2279053301869,94.4964799754353));
#1134=CARTESIAN_POINT('Ctrl Pts',(0.35099247493659,49.0084219609162,94.0695892324351));
#1135=CARTESIAN_POINT('Ctrl Pts',(3.14139109059291,49.3946921185588,94.820391934585));
#1136=CARTESIAN_POINT('Ctrl Pts',(5.22148954683073,50.1331272993007,96.2545439625631));
#1137=CARTESIAN_POINT('Ctrl Pts',(6.56912967860285,51.3528590508125,98.6199455969296));
#1138=CARTESIAN_POINT('Ctrl Pts',(6.63987160555814,52.7344355214548,101.294861401479));
#1139=CARTESIAN_POINT('Ctrl Pts',(5.38123740321803,54.0083635860879,103.758013585776));
#1140=CARTESIAN_POINT('Ctrl Pts',(3.00795924750883,54.9066513340524,105.493232447481));
#1141=CARTESIAN_POINT('Ctrl Pts',(1.00339756995877,55.1224448044733,105.909892520079));
#1142=CARTESIAN_POINT('Ctrl Pts',(-3.43873341945146E-15,55.1224448044733,
105.909892520079));
#1143=CARTESIAN_POINT('Ctrl Pts',(-5.40835548488374E-15,54.44821709658,
108.720702029792));
#1144=CARTESIAN_POINT('Ctrl Pts',(-1.33043877904091,54.44821709658,108.720702029792));
#1145=CARTESIAN_POINT('Ctrl Pts',(-3.9903660287899,54.1710604647187,108.161648571762));
#1146=CARTESIAN_POINT('Ctrl Pts',(-7.13156335701278,53.0212024317634,105.837080097966));
#1147=CARTESIAN_POINT('Ctrl Pts',(-8.79331916853037,51.3979452461578,102.541106463952));
#1148=CARTESIAN_POINT('Ctrl Pts',(-8.69898208065302,49.8432905437271,99.3638985918885));
#1149=CARTESIAN_POINT('Ctrl Pts',(-7.19502731648727,48.2729213186994,96.1350105541795));
#1150=CARTESIAN_POINT('Ctrl Pts',(-3.90010029127964,46.9869395693842,93.4675264822564));
#1151=CARTESIAN_POINT('Ctrl Pts',(0.463229334454409,46.7147727310394,92.8990216253221));
#1152=CARTESIAN_POINT('Ctrl Pts',(4.14688273485985,47.1948984268948,93.8989714932935));
#1153=CARTESIAN_POINT('Ctrl Pts',(6.89792536871402,48.1160892502533,95.8100155294953));
#1154=CARTESIAN_POINT('Ctrl Pts',(8.6883927660661,49.6487644653094,98.9665802821902));
#1155=CARTESIAN_POINT('Ctrl Pts',(8.79269442924539,51.3981467268444,102.541465870768));
#1156=CARTESIAN_POINT('Ctrl Pts',(7.13296343195092,53.021182346654,105.837132670533));
#1157=CARTESIAN_POINT('Ctrl Pts',(3.98981021897923,54.1711426505696,108.16179346285));
#1158=CARTESIAN_POINT('Ctrl Pts',(1.33043877904027,54.44821709658,108.720702029792));
#1159=CARTESIAN_POINT('Ctrl Pts',(-2.3194084209327E-15,54.44821709658,108.720702029792));
#1160=CARTESIAN_POINT('Ctrl Pts',(-5.58468775287745E-15,52.8661518064955,
110.149638743839));
#1161=CARTESIAN_POINT('Ctrl Pts',(-1.41120713034341,52.8661518064955,110.149638743839));
#1162=CARTESIAN_POINT('Ctrl Pts',(-4.23042022144796,52.5847924729259,109.561256738574));
#1163=CARTESIAN_POINT('Ctrl Pts',(-7.58880313027427,51.4114836208858,107.098498967514));
#1164=CARTESIAN_POINT('Ctrl Pts',(-9.40763470992638,49.7446796985674,103.57440610173));
#1165=CARTESIAN_POINT('Ctrl Pts',(-9.3584653490446,48.1353078018852,100.134707441426));
#1166=CARTESIAN_POINT('Ctrl Pts',(-7.78593312083031,46.4991752395513,96.602081164254));
#1167=CARTESIAN_POINT('Ctrl Pts',(-4.24667322793178,45.1490281245538,93.6436695396113));
#1168=CARTESIAN_POINT('Ctrl Pts',(0.505276604827754,44.8621280794565,93.0075220228829));
#1169=CARTESIAN_POINT('Ctrl Pts',(4.50662075414749,45.3675708287286,94.1226543727359));
#1170=CARTESIAN_POINT('Ctrl Pts',(7.47012671472323,46.3348587054313,96.2426138843453));
#1171=CARTESIAN_POINT('Ctrl Pts',(9.35397484382919,47.9338904786037,99.7046708712286));
#1172=CARTESIAN_POINT('Ctrl Pts',(9.40698606450638,49.7445221624253,103.573988046778));
#1173=CARTESIAN_POINT('Ctrl Pts',(7.59006309702736,51.4116443698349,107.099008202584));
#1174=CARTESIAN_POINT('Ctrl Pts',(4.22985956207769,52.5847870403265,109.561206105514));
#1175=CARTESIAN_POINT('Ctrl Pts',(1.4112071303427,52.8661518064955,110.149638743839));
#1176=CARTESIAN_POINT('Ctrl Pts',(-2.02464172343273E-15,52.8661518064955,
110.149638743839));
#1177=CARTESIAN_POINT('Ctrl Pts',(-5.54014860904289E-15,51.7466530417267,
110.586392952806));
#1178=CARTESIAN_POINT('Ctrl Pts',(-1.39002361357185,51.7466530417267,110.586392952806));
#1179=CARTESIAN_POINT('Ctrl Pts',(-4.16951695709868,51.4756279624088,110.010818515618));
#1180=CARTESIAN_POINT('Ctrl Pts',(-7.50501261136019,50.34286825518,107.594400726007));
#1181=CARTESIAN_POINT('Ctrl Pts',(-9.35358421308471,48.7219207784237,104.106689894854));
#1182=CARTESIAN_POINT('Ctrl Pts',(-9.35417205829085,47.1421568106198,100.663543586414));
#1183=CARTESIAN_POINT('Ctrl Pts',(-7.82848629354727,45.523473455165,97.0926222184372));
#1184=CARTESIAN_POINT('Ctrl Pts',(-4.29527832750043,44.1739811320824,94.0630637521131));
#1185=CARTESIAN_POINT('Ctrl Pts',(0.513070565655222,43.8850060554188,93.405159928716));
#1186=CARTESIAN_POINT('Ctrl Pts',(4.54919279080942,44.3923090964831,94.5533932718937));
#1187=CARTESIAN_POINT('Ctrl Pts',(7.51523226063687,45.3590966628298,96.7244264313745));
#1188=CARTESIAN_POINT('Ctrl Pts',(9.35612004781698,46.9446533332564,100.233632699462));
#1189=CARTESIAN_POINT('Ctrl Pts',(9.35271358070268,48.7220910465568,104.106899871417));
#1190=CARTESIAN_POINT('Ctrl Pts',(7.50655697749151,50.3429498698817,107.594798273138));
#1191=CARTESIAN_POINT('Ctrl Pts',(4.1688795248352,51.4756908197065,110.010894405061));
#1192=CARTESIAN_POINT('Ctrl Pts',(1.39002361357116,51.7466530417267,110.586392952806));
#1193=CARTESIAN_POINT('Ctrl Pts',(-2.07528422474541E-15,51.7466530417267,
110.586392952806));
#1194=CARTESIAN_POINT('',(-1.21259617981289E-15,51.7466530417267,110.586392952806));
#1195=CARTESIAN_POINT('',(-4.16333634234434E-15,54.356191962305,103.603811851726));
#1196=CARTESIAN_POINT('Origin',(-3.60822483003176E-15,49.929386058732,105.928331047623));
#1197=CARTESIAN_POINT('Ctrl Pts',(-3.88578058618805E-15,54.356191962305,
103.603811851726));
#1198=CARTESIAN_POINT('Ctrl Pts',(-0.641819780496988,54.356191962305,103.603811851726));
#1199=CARTESIAN_POINT('Ctrl Pts',(-1.92519683825558,54.2190797347475,103.342695824173));
#1200=CARTESIAN_POINT('Ctrl Pts',(-3.46427726829448,53.6440300649497,102.247573324173));
#1201=CARTESIAN_POINT('Ctrl Pts',(-4.31555903132592,52.815643719849,100.669997380982));
#1202=CARTESIAN_POINT('Ctrl Pts',(-4.31367994064104,52.0001417400783,99.116958376272));
#1203=CARTESIAN_POINT('Ctrl Pts',(-3.60807443867524,51.1565484634439,97.5104224079685));
#1204=CARTESIAN_POINT('Ctrl Pts',(-1.97845180438056,50.4433998445841,96.15230477157));
#1205=CARTESIAN_POINT('Ctrl Pts',(0.236259425300309,50.2889514959186,95.8581738980214));
#1206=CARTESIAN_POINT('Ctrl Pts',(2.09581661040961,50.5588126031178,96.3720964092241));
#1207=CARTESIAN_POINT('Ctrl Pts',(3.46346679448353,51.0698395456283,97.3452942601965));
#1208=CARTESIAN_POINT('Ctrl Pts',(4.31429630364673,51.8982922861527,98.9229966465906));
#1209=CARTESIAN_POINT('Ctrl Pts',(4.31516207339343,52.8157009747219,100.670106416954));
#1210=CARTESIAN_POINT('Ctrl Pts',(3.46498910410005,53.6441133972755,102.247732021951));
#1211=CARTESIAN_POINT('Ctrl Pts',(1.92490374857386,54.2191006390069,103.342735634169));
#1212=CARTESIAN_POINT('Ctrl Pts',(0.641819780496978,54.356191962305,103.603811851726));
#1213=CARTESIAN_POINT('Ctrl Pts',(-4.64905891561784E-15,54.356191962305,
103.603811851726));
#1214=CARTESIAN_POINT('Ctrl Pts',(-2.07528422474541E-15,51.7466530417267,
110.586392952806));
#1215=CARTESIAN_POINT('Ctrl Pts',(1.39002361357116,51.7466530417267,110.586392952806));
#1216=CARTESIAN_POINT('Ctrl Pts',(4.1688795248352,51.4756908197065,110.010894405061));
#1217=CARTESIAN_POINT('Ctrl Pts',(7.50655697749151,50.3429498698817,107.594798273138));
#1218=CARTESIAN_POINT('Ctrl Pts',(9.35271358070268,48.7220910465568,104.106899871417));
#1219=CARTESIAN_POINT('Ctrl Pts',(9.35612004781698,46.9446533332564,100.233632699462));
#1220=CARTESIAN_POINT('Ctrl Pts',(7.51523226063687,45.3590966628298,96.7244264313745));
#1221=CARTESIAN_POINT('Ctrl Pts',(4.54919279080942,44.3923090964831,94.5533932718937));
#1222=CARTESIAN_POINT('Ctrl Pts',(0.513070565655222,43.8850060554188,93.405159928716));
#1223=CARTESIAN_POINT('Ctrl Pts',(-4.29527832750043,44.1739811320824,94.0630637521131));
#1224=CARTESIAN_POINT('Ctrl Pts',(-7.82848629354727,45.523473455165,97.0926222184372));
#1225=CARTESIAN_POINT('Ctrl Pts',(-9.35417205829085,47.1421568106198,100.663543586414));
#1226=CARTESIAN_POINT('Ctrl Pts',(-9.35358421308471,48.7219207784237,104.106689894854));
#1227=CARTESIAN_POINT('Ctrl Pts',(-7.50501261136019,50.34286825518,107.594400726007));
#1228=CARTESIAN_POINT('Ctrl Pts',(-4.16951695709868,51.4756279624088,110.010818515618));
#1229=CARTESIAN_POINT('Ctrl Pts',(-1.39002361357185,51.7466530417267,110.586392952806));
#1230=CARTESIAN_POINT('Ctrl Pts',(-5.54014860904289E-15,51.7466530417267,
110.586392952806));
#1231=CARTESIAN_POINT('Ctrl Pts',(9.18485099360515E-16,22.5645336537188,
16.9223050112877));
#1232=CARTESIAN_POINT('Ctrl Pts',(9.28910210951981E-16,21.0310681778243,
25.4630260025622));
#1233=CARTESIAN_POINT('Ctrl Pts',(9.49760434134912E-16,18.4646919532961,
41.5967134554769));
#1234=CARTESIAN_POINT('Ctrl Pts',(9.81035768909311E-16,16.1991279064973,
62.9126860058222));
#1235=CARTESIAN_POINT('Ctrl Pts',(1.0053610292894E-15,15.8567361845589,
77.0535080617157));
#1236=CARTESIAN_POINT('Ctrl Pts',(1.02273621527517E-15,16.4985316486104,
85.9506544096794));
#1237=CARTESIAN_POINT('Ctrl Pts',(1.03142380826806E-15,17.0790285893777,
90.1105602571257));
#1238=CARTESIAN_POINT('Ctrl Pts',(1.03837388266237E-15,17.7276554493077,
93.2778957599739));
#1239=CARTESIAN_POINT('Ctrl Pts',(1.04879899425384E-15,18.9133791322415,
97.8654892226011));
#1240=CARTESIAN_POINT('Ctrl Pts',(1.06096162444388E-15,20.9680288317889,
102.830001759316));
#1241=CARTESIAN_POINT('Ctrl Pts',(1.07399301393321E-15,24.6810981728134,
107.416847936811));
#1242=CARTESIAN_POINT('Ctrl Pts',(1.0826806069261E-15,27.8028437855755,
109.949443118361));
#1243=CARTESIAN_POINT('Ctrl Pts',(1.0904994406197E-15,31.0154004546721,
111.676210742047));
#1244=CARTESIAN_POINT('Ctrl Pts',(1.0983182743133E-15,34.4606186745681,
112.763120780408));
#1245=CARTESIAN_POINT('Ctrl Pts',(1.10874338590477E-15,39.1492828591811,
113.390984346032));
#1246=CARTESIAN_POINT('Ctrl Pts',(1.1217747753941E-15,44.9268418731748,
112.867434385413));
#1247=CARTESIAN_POINT('Ctrl Pts',(1.13219988698556E-15,49.4568775605237,
111.479711561524));
#1248=CARTESIAN_POINT('Ctrl Pts',(1.1374124427813E-15,51.7466530417267,
110.586392952806));
#1249=CARTESIAN_POINT('Ctrl Pts',(1.12199737628207,22.5645336537188,16.9223050112877));
#1250=CARTESIAN_POINT('Ctrl Pts',(1.13472528948463,21.0310432913792,25.4630464027127));
#1251=CARTESIAN_POINT('Ctrl Pts',(1.16021509691622,18.4647200219216,41.5966014048518));
#1252=CARTESIAN_POINT('Ctrl Pts',(1.19840641047735,16.1991002997577,62.9126122392927));
#1253=CARTESIAN_POINT('Ctrl Pts',(1.22813357564174,15.8566673657343,77.0532300878972));
#1254=CARTESIAN_POINT('Ctrl Pts',(1.24935121413301,16.4984180015155,85.9504690674939));
#1255=CARTESIAN_POINT('Ctrl Pts',(1.25996265987236,17.078880728705,90.1103937391152));
#1256=CARTESIAN_POINT('Ctrl Pts',(1.26844952910127,17.7275008063959,93.277811131517));
#1257=CARTESIAN_POINT('Ctrl Pts',(1.28118242627618,18.913173396672,97.8654697138987));
#1258=CARTESIAN_POINT('Ctrl Pts',(1.29604686711327,20.967597940848,102.829807852474));
#1259=CARTESIAN_POINT('Ctrl Pts',(1.31196130447782,24.6807989446384,107.416966195965));
#1260=CARTESIAN_POINT('Ctrl Pts',(1.32257466716709,27.8026209911094,109.949611183577));
#1261=CARTESIAN_POINT('Ctrl Pts',(1.33212619363382,31.0152479971116,111.67643807282));
#1262=CARTESIAN_POINT('Ctrl Pts',(1.34167455581025,34.4607299800678,112.763405543486));
#1263=CARTESIAN_POINT('Ctrl Pts',(1.35440752320944,39.1496073355571,113.391279007783));
#1264=CARTESIAN_POINT('Ctrl Pts',(1.37032901036839,44.9270518875297,112.867570710836));
#1265=CARTESIAN_POINT('Ctrl Pts',(1.38306933680731,49.456769926195,111.479744297154));
#1266=CARTESIAN_POINT('Ctrl Pts',(1.38943329340859,51.7466530417267,110.586392952806));
#1267=CARTESIAN_POINT('Ctrl Pts',(3.36546063186655,23.0693804347953,17.0078453564541));
#1268=CARTESIAN_POINT('Ctrl Pts',(3.40366922609005,21.5427781120971,25.5429404193448));
#1269=CARTESIAN_POINT('Ctrl Pts',(3.48004116092718,18.9902258452338,41.663580915171));
#1270=CARTESIAN_POINT('Ctrl Pts',(3.59465685712384,16.7453434808135,62.9472594069743));
#1271=CARTESIAN_POINT('Ctrl Pts',(3.68377202158064,16.4182799392358,77.0430385183653));
#1272=CARTESIAN_POINT('Ctrl Pts',(3.74744708598638,17.0652505260874,85.8838366742714));
#1273=CARTESIAN_POINT('Ctrl Pts',(3.77928112040433,17.6451178852237,90.0071721086148));
#1274=CARTESIAN_POINT('Ctrl Pts',(3.80475139409191,18.2898113338931,93.1383934553504));
#1275=CARTESIAN_POINT('Ctrl Pts',(3.84295335100148,19.4644985695978,97.6648524630672));
#1276=CARTESIAN_POINT('Ctrl Pts',(3.88750979026464,21.488644332128,102.530204470333));
#1277=CARTESIAN_POINT('Ctrl Pts',(3.93526447917639,25.1038389451137,106.986194572801));
#1278=CARTESIAN_POINT('Ctrl Pts',(3.96709596073138,28.1311868433419,109.438483048736));
#1279=CARTESIAN_POINT('Ctrl Pts',(3.99574495993495,31.2428177151792,111.108291931895));
#1280=CARTESIAN_POINT('Ctrl Pts',(4.02439817312418,34.5825319583786,112.159730357248));
#1281=CARTESIAN_POINT('Ctrl Pts',(4.06260003651385,39.1392032503628,112.767188998266));
#1282=CARTESIAN_POINT('Ctrl Pts',(4.11034533699097,44.785564610012,112.253578877131));
#1283=CARTESIAN_POINT('Ctrl Pts',(4.14853740011421,49.2459029000846,110.884036066805));
#1284=CARTESIAN_POINT('Ctrl Pts',(4.16764169722596,51.505995118576,109.999745249835));
#1285=CARTESIAN_POINT('Ctrl Pts',(6.06349370888041,25.1904785725009,17.3672404712338));
#1286=CARTESIAN_POINT('Ctrl Pts',(6.13231075086397,23.6926033043259,25.8787871232403));
#1287=CARTESIAN_POINT('Ctrl Pts',(6.26997166434439,21.198362355276,41.9440349898152));
#1288=CARTESIAN_POINT('Ctrl Pts',(6.47642877026407,19.0401312175986,63.0921975528077));
#1289=CARTESIAN_POINT('Ctrl Pts',(6.63702452894595,18.7772892537845,76.9978416982651));
#1290=CARTESIAN_POINT('Ctrl Pts',(6.7517231122472,19.4458079284196,85.6022976725919));
#1291=CARTESIAN_POINT('Ctrl Pts',(6.80907447763001,20.0228812696457,89.5720655440352));
#1292=CARTESIAN_POINT('Ctrl Pts',(6.85495376396301,20.6510191056273,92.5519106507842));
#1293=CARTESIAN_POINT('Ctrl Pts',(6.9237747410117,21.7791147650526,96.8217984479317));
#1294=CARTESIAN_POINT('Ctrl Pts',(7.00407329798258,23.6741196148896,101.269771817943));
#1295=CARTESIAN_POINT('Ctrl Pts',(7.09009818961928,26.8786693991211,105.177332282612));
#1296=CARTESIAN_POINT('Ctrl Pts',(7.14745106851827,29.5097407528563,107.292431305568));
#1297=CARTESIAN_POINT('Ctrl Pts',(7.19906826479201,32.1976410176643,108.723187643634));
#1298=CARTESIAN_POINT('Ctrl Pts',(7.25068296271954,35.0952310975445,109.625843049869));
#1299=CARTESIAN_POINT('Ctrl Pts',(7.31950399521339,39.0982657579296,110.147614096526));
#1300=CARTESIAN_POINT('Ctrl Pts',(7.40553445297248,44.1929062499295,109.67507704294));
#1301=CARTESIAN_POINT('Ctrl Pts',(7.47436129575151,48.3590311131996,108.381466317891));
#1302=CARTESIAN_POINT('Ctrl Pts',(7.50876981674329,50.4948782970904,107.534963068581));
#1303=CARTESIAN_POINT('Ctrl Pts',(7.56233065007275,28.2583051471934,17.8870475769667));
#1304=CARTESIAN_POINT('Ctrl Pts',(7.64818647424382,26.8020689062043,26.3644614946132));
#1305=CARTESIAN_POINT('Ctrl Pts',(7.81979873962048,24.391974428826,42.3500717064798));
#1306=CARTESIAN_POINT('Ctrl Pts',(8.0773440608913,22.3592716097196,63.3020939108775));
#1307=CARTESIAN_POINT('Ctrl Pts',(8.27759037653638,22.1894648027226,76.9334767541198));
#1308=CARTESIAN_POINT('Ctrl Pts',(8.42067040260779,22.8893113828472,85.1957669614405));
#1309=CARTESIAN_POINT('Ctrl Pts',(8.49220273404108,23.4624673213959,88.943356049492));
#1310=CARTESIAN_POINT('Ctrl Pts',(8.54943528894666,24.0666846522151,91.703963765145));
#1311=CARTESIAN_POINT('Ctrl Pts',(8.63527653669072,25.1275778238283,95.6025272303265));
#1312=CARTESIAN_POINT('Ctrl Pts',(8.7353971844091,26.8366151729012,99.447460184643));
#1313=CARTESIAN_POINT('Ctrl Pts',(8.84270366952185,29.4467573943177,102.560676987116));
#1314=CARTESIAN_POINT('Ctrl Pts',(8.91423039452746,31.5044022646145,104.187905748898));
#1315=CARTESIAN_POINT('Ctrl Pts',(8.9786059092271,33.5791902116564,105.272696845868));
#1316=CARTESIAN_POINT('Ctrl Pts',(9.04299067840153,35.8363653570223,105.959953958408));
#1317=CARTESIAN_POINT('Ctrl Pts',(9.12883172076342,39.037883179455,106.35775592395));
#1318=CARTESIAN_POINT('Ctrl Pts',(9.23611758762105,43.3349621832157,105.945196882803));
#1319=CARTESIAN_POINT('Ctrl Pts',(9.32193710729019,47.076703155906,104.761784193106));
#1320=CARTESIAN_POINT('Ctrl Pts',(9.36486501937573,49.0324607880037,103.970052920359));
#1321=CARTESIAN_POINT('Ctrl Pts',(7.56024056698755,31.2807166578324,18.3991596346166));
#1322=CARTESIAN_POINT('Ctrl Pts',(7.646032432613,29.8654101728004,26.8430222283747));
#1323=CARTESIAN_POINT('Ctrl Pts',(7.817708527081,27.5384140876318,42.7496794880043));
#1324=CARTESIAN_POINT('Ctrl Pts',(8.07510471058405,25.6291735615843,63.5086077822881));
#1325=CARTESIAN_POINT('Ctrl Pts',(8.27536374211706,25.5508708718704,76.8690274162489));
#1326=CARTESIAN_POINT('Ctrl Pts',(8.41836227980279,26.2814143177479,84.7945628078702));
#1327=CARTESIAN_POINT('Ctrl Pts',(8.48986868767101,26.8505831810961,88.3233324123403));
#1328=CARTESIAN_POINT('Ctrl Pts',(8.5470675967265,27.4312088105744,90.8682538152647));
#1329=CARTESIAN_POINT('Ctrl Pts',(8.6328730091976,28.4257036902488,94.4012328955656));
#1330=CARTESIAN_POINT('Ctrl Pts',(8.73300485777127,29.9506863944019,97.6514018913566));
#1331=CARTESIAN_POINT('Ctrl Pts',(8.8402570458271,31.9757117469303,99.9831990408763));
#1332=CARTESIAN_POINT('Ctrl Pts',(8.91176866412242,33.4687041494247,101.129965653518));
#1333=CARTESIAN_POINT('Ctrl Pts',(8.97612776167328,34.9397185403763,101.874134204769));
#1334=CARTESIAN_POINT('Ctrl Pts',(9.04047825842358,36.5669434412529,102.349396009591));
#1335=CARTESIAN_POINT('Ctrl Pts',(9.12628386177003,38.9796052341973,102.625101026117));
#1336=CARTESIAN_POINT('Ctrl Pts',(9.23355521174524,42.4905024762881,102.271041287644));
#1337=CARTESIAN_POINT('Ctrl Pts',(9.31938081756527,45.812956720392,101.195808764372));
#1338=CARTESIAN_POINT('Ctrl Pts',(9.36227675037799,47.5916924116927,100.457916492811));
#1339=CARTESIAN_POINT('Ctrl Pts',(6.31910190755182,34.4101886699341,18.9294118341711));
#1340=CARTESIAN_POINT('Ctrl Pts',(6.3908388564511,33.0373734827682,27.3384430622443));
#1341=CARTESIAN_POINT('Ctrl Pts',(6.53425061566007,30.7961815945124,43.1639452751018));
#1342=CARTESIAN_POINT('Ctrl Pts',(6.74944761242948,29.0150266050748,63.7227679821319));
#1343=CARTESIAN_POINT('Ctrl Pts',(6.91678134308617,29.0316543188323,76.8035430112232));
#1344=CARTESIAN_POINT('Ctrl Pts',(7.03633478752768,29.794183222953,84.3799791477592));
#1345=CARTESIAN_POINT('Ctrl Pts',(7.09610670687365,30.3593773705498,87.6820936936275));
#1346=CARTESIAN_POINT('Ctrl Pts',(7.14392842508116,30.9156060750455,90.0033210816148));
#1347=CARTESIAN_POINT('Ctrl Pts',(7.21565626015886,31.8415800518876,93.1574736359601));
#1348=CARTESIAN_POINT('Ctrl Pts',(7.29932155605997,33.1769992485743,95.7925937205745));
#1349=CARTESIAN_POINT('Ctrl Pts',(7.38898442950367,34.5955905422303,97.3138902391257));
#1350=CARTESIAN_POINT('Ctrl Pts',(7.44875284346512,35.5035861137657,97.9629520827513));
#1351=CARTESIAN_POINT('Ctrl Pts',(7.50254533025861,36.3491241995549,98.3541664312363));
#1352=CARTESIAN_POINT('Ctrl Pts',(7.55634360335571,37.3229005483075,98.6096657623763));
#1353=CARTESIAN_POINT('Ctrl Pts',(7.62807131001946,38.9178063264887,98.7589044490718));
#1354=CARTESIAN_POINT('Ctrl Pts',(7.7177212920256,41.6151873489849,98.4661269862288));
#1355=CARTESIAN_POINT('Ctrl Pts',(7.78943554175773,44.5049287791506,97.5033716420835));
#1356=CARTESIAN_POINT('Ctrl Pts',(7.82530401620738,46.0998888324265,96.8213724239423));
#1357=CARTESIAN_POINT('Ctrl Pts',(4.02944526572277,36.5037235865085,19.2841366855406));
#1358=CARTESIAN_POINT('Ctrl Pts',(4.07518147324285,35.1592507213423,27.6699348792865));
#1359=CARTESIAN_POINT('Ctrl Pts',(4.16665073072927,32.9756367303394,43.4407034427319));
#1360=CARTESIAN_POINT('Ctrl Pts',(4.30385864950956,31.2799813811842,63.865788805925));
#1361=CARTESIAN_POINT('Ctrl Pts',(4.41057380012611,31.3599771978782,76.7588058387418));
#1362=CARTESIAN_POINT('Ctrl Pts',(4.48680039917746,32.1437535869795,84.1020135567128));
#1363=CARTESIAN_POINT('Ctrl Pts',(4.52491345464649,32.7061743097808,87.2525647637278));
#1364=CARTESIAN_POINT('Ctrl Pts',(4.55540411156592,33.2460594231357,89.4244206264057));
#1365=CARTESIAN_POINT('Ctrl Pts',(4.6011398559699,34.12602380412,92.3253659687291));
#1366=CARTESIAN_POINT('Ctrl Pts',(4.6544973515282,35.3338768313534,94.548451060704));
#1367=CARTESIAN_POINT('Ctrl Pts',(4.71166718852195,36.3472200125548,95.5285880486776));
#1368=CARTESIAN_POINT('Ctrl Pts',(4.74978006586592,36.8641236759599,95.8448650211638));
#1369=CARTESIAN_POINT('Ctrl Pts',(4.78408170193173,37.2914697505036,96.0001604828785));
#1370=CARTESIAN_POINT('Ctrl Pts',(4.81838363202681,37.8289883941923,96.1088365778209));
#1371=CARTESIAN_POINT('Ctrl Pts',(4.86411936990547,38.8775498425662,96.1735057088345));
#1372=CARTESIAN_POINT('Ctrl Pts',(4.92128855182469,41.0303269199785,95.9211948526469));
#1373=CARTESIAN_POINT('Ctrl Pts',(4.96702360589342,43.6295322660652,95.0333372928305));
#1374=CARTESIAN_POINT('Ctrl Pts',(4.98989170965346,45.1019112599199,94.3886195651859));
#1375=CARTESIAN_POINT('Ctrl Pts',(0.41026634223734,37.6037140228016,19.4705171184308));
#1376=CARTESIAN_POINT('Ctrl Pts',(0.414912590049381,36.2741677095473,27.8440795788815));
#1377=CARTESIAN_POINT('Ctrl Pts',(0.424254703887691,34.1207322724247,43.5862753655854));
#1378=CARTESIAN_POINT('Ctrl Pts',(0.438204506614361,32.4700783429378,63.9410384913025));
#1379=CARTESIAN_POINT('Ctrl Pts',(0.449087660002175,32.5834269127918,76.7356892623422));
#1380=CARTESIAN_POINT('Ctrl Pts',(0.456837903867908,33.3784299979127,83.9562237679398));
#1381=CARTESIAN_POINT('Ctrl Pts',(0.460716860938841,33.9394414218642,87.0271138143029));
#1382=CARTESIAN_POINT('Ctrl Pts',(0.463816686648034,34.470748743532,89.1203718124051));
#1383=CARTESIAN_POINT('Ctrl Pts',(0.468470211927342,35.3266102083759,91.888185168281));
#1384=CARTESIAN_POINT('Ctrl Pts',(0.473913041822793,36.4677524572629,93.8950220570629));
#1385=CARTESIAN_POINT('Ctrl Pts',(0.479727489336786,37.2679847326276,94.5903843956601));
#1386=CARTESIAN_POINT('Ctrl Pts',(0.483609245488306,37.5792928353147,94.7317389348466));
#1387=CARTESIAN_POINT('Ctrl Pts',(0.487102096005364,37.7868128835435,94.7629942855508));
#1388=CARTESIAN_POINT('Ctrl Pts',(0.490590326107737,38.0947424569091,94.7944457003671));
#1389=CARTESIAN_POINT('Ctrl Pts',(0.495243953926717,38.855943702474,94.8146662159928));
#1390=CARTESIAN_POINT('Ctrl Pts',(0.501068695367788,40.7227339116088,94.5838391999967));
#1391=CARTESIAN_POINT('Ctrl Pts',(0.505733068665873,43.1697299628764,93.7354797168234));
#1392=CARTESIAN_POINT('Ctrl Pts',(0.508056192571893,44.5775513475528,93.1103963756364));
#1393=CARTESIAN_POINT('Ctrl Pts',(-3.0652297930723,37.0904490895892,19.3835504164639));
#1394=CARTESIAN_POINT('Ctrl Pts',(-3.10001256086444,35.7539613433239,27.7628029735632));
#1395=CARTESIAN_POINT('Ctrl Pts',(-3.16961913122977,33.5863944928441,43.5184557272029));
#1396=CARTESIAN_POINT('Ctrl Pts',(-3.27397658075491,31.9147949192964,63.9059957758509));
#1397=CARTESIAN_POINT('Ctrl Pts',(-3.35517103103107,32.0126195992591,76.7467372887188));
#1398=CARTESIAN_POINT('Ctrl Pts',(-3.41314768419516,32.8024264053655,84.0244249763321));
#1399=CARTESIAN_POINT('Ctrl Pts',(-3.44213918247641,33.3641276226844,87.1324678830056));
#1400=CARTESIAN_POINT('Ctrl Pts',(-3.46532961892993,33.8994437987969,89.2623232400234));
#1401=CARTESIAN_POINT('Ctrl Pts',(-3.50011840526345,34.7665999795936,92.0921958259487));
#1402=CARTESIAN_POINT('Ctrl Pts',(-3.54071666681229,35.9390819680962,94.2001001203668));
#1403=CARTESIAN_POINT('Ctrl Pts',(-3.58420061604012,36.8386296888628,95.0280469260631));
#1404=CARTESIAN_POINT('Ctrl Pts',(-3.61319442919024,37.2457984953916,95.2509748883018));
#1405=CARTESIAN_POINT('Ctrl Pts',(-3.63928825729175,37.5558250426901,95.3400526324017));
#1406=CARTESIAN_POINT('Ctrl Pts',(-3.66537826426209,37.9706345783842,95.4074836861801));
#1407=CARTESIAN_POINT('Ctrl Pts',(-3.700167135397,38.8657199085008,95.4484349885829));
#1408=CARTESIAN_POINT('Ctrl Pts',(-3.74365959780996,40.8660617670345,95.2077324584857));
#1409=CARTESIAN_POINT('Ctrl Pts',(-3.77845735556825,43.3843789525032,94.3410403361081));
#1410=CARTESIAN_POINT('Ctrl Pts',(-3.79584873946432,44.8222221615168,93.7068262339046));
#1411=CARTESIAN_POINT('Ctrl Pts',(-6.06405468984294,34.724797718992,18.9827186346849));
#1412=CARTESIAN_POINT('Ctrl Pts',(-6.13289149079972,33.35621272571,27.3882822485055));
#1413=CARTESIAN_POINT('Ctrl Pts',(-6.27052810285814,31.1237351286349,43.205404988666));
#1414=CARTESIAN_POINT('Ctrl Pts',(-6.47703026114405,29.3553638672234,63.7441747163816));
#1415=CARTESIAN_POINT('Ctrl Pts',(-6.63761822103718,29.3814663079404,76.7964962531206));
#1416=CARTESIAN_POINT('Ctrl Pts',(-6.75234137880493,30.1471359884817,84.337991552062));
#1417=CARTESIAN_POINT('Ctrl Pts',(-6.80970009863384,30.7118734999578,87.6173516219217));
#1418=CARTESIAN_POINT('Ctrl Pts',(-6.85558956439262,31.2656382465023,89.9162273771802));
#1419=CARTESIAN_POINT('Ctrl Pts',(-6.92442094007434,32.1846385452643,93.0324047024967));
#1420=CARTESIAN_POINT('Ctrl Pts',(-7.00471398577237,33.5006252626447,95.6054024630303));
#1421=CARTESIAN_POINT('Ctrl Pts',(-7.09075503859654,34.8584706729717,97.0457390787001));
#1422=CARTESIAN_POINT('Ctrl Pts',(-7.14811167174041,35.7077833689899,97.6448492041201));
#1423=CARTESIAN_POINT('Ctrl Pts',(-7.19973318579159,36.4905589690688,98.0006795325749));
#1424=CARTESIAN_POINT('Ctrl Pts',(-7.25135814431315,37.3990833066836,98.2341816884857));
#1425=CARTESIAN_POINT('Ctrl Pts',(-7.32018944355263,38.9121347085766,98.3707230914276));
#1426=CARTESIAN_POINT('Ctrl Pts',(-7.40622282236278,41.5275412319984,98.0838423606115));
#1427=CARTESIAN_POINT('Ctrl Pts',(-7.47504611096097,44.3732518923857,97.1322217191182));
#1428=CARTESIAN_POINT('Ctrl Pts',(-7.50946451143936,45.9499162799834,96.4557868980325));
#1429=CARTESIAN_POINT('Ctrl Pts',(-7.5616356103047,31.6621551856914,18.4637899037514));
#1430=CARTESIAN_POINT('Ctrl Pts',(-7.64746381565979,30.2520522430143,26.9033870009086));
#1431=CARTESIAN_POINT('Ctrl Pts',(-7.8191148682967,27.9354624492547,42.8002827431545));
#1432=CARTESIAN_POINT('Ctrl Pts',(-8.07659829011326,26.0418884483175,63.5347833710037));
#1433=CARTESIAN_POINT('Ctrl Pts',(-8.27685957707728,25.9751969294792,76.8613189122367));
#1434=CARTESIAN_POINT('Ctrl Pts',(-8.41990588436197,26.7096829976952,84.7442130104721));
#1435=CARTESIAN_POINT('Ctrl Pts',(-8.49142862386303,27.2784010156172,88.2453380624284));
#1436=CARTESIAN_POINT('Ctrl Pts',(-8.54864717613151,27.856059667678,90.7629138577164));
#1437=CARTESIAN_POINT('Ctrl Pts',(-8.63447459562191,28.8422530159752,94.2496553409978));
#1438=CARTESIAN_POINT('Ctrl Pts',(-8.73460510377567,30.344351825912,97.425029897852));
#1439=CARTESIAN_POINT('Ctrl Pts',(-8.84188964368548,32.2953320497815,99.6577317272747));
#1440=CARTESIAN_POINT('Ctrl Pts',(-8.91341208092498,33.7169464846043,100.743786207077));
#1441=CARTESIAN_POINT('Ctrl Pts',(-8.97778235327241,35.1116550209309,101.444876384845));
#1442=CARTESIAN_POINT('Ctrl Pts',(-9.04215312456001,36.6589745945378,101.893295811856));
#1443=CARTESIAN_POINT('Ctrl Pts',(-9.12798053297755,38.9717540055838,102.153576639443));
#1444=CARTESIAN_POINT('Ctrl Pts',(-9.23526396128718,42.3836075513023,101.807141919244));
#1445=CARTESIAN_POINT('Ctrl Pts',(-9.32109020934325,45.6536323068549,100.745720560418));
#1446=CARTESIAN_POINT('Ctrl Pts',(-9.36400431202079,47.4098625825938,100.014673028495));
#1447=CARTESIAN_POINT('Ctrl Pts',(-7.56159654101283,28.2570502732962,17.8868349533543));
#1448=CARTESIAN_POINT('Ctrl Pts',(-7.64742887829165,26.8007682781798,26.3642863770036));
#1449=CARTESIAN_POINT('Ctrl Pts',(-7.81906639034031,24.3907004977963,42.3497762999323));
#1450=CARTESIAN_POINT('Ctrl Pts',(-8.07655734798712,22.3578820760792,63.3019229186978));
#1451=CARTESIAN_POINT('Ctrl Pts',(-8.27680985966293,22.187989649953,76.9331822668203));
#1452=CARTESIAN_POINT('Ctrl Pts',(-8.41986019819315,22.8877716783716,85.1957193428431));
#1453=CARTESIAN_POINT('Ctrl Pts',(-8.49138326798786,23.4608897327079,88.9434210370076));
#1454=CARTESIAN_POINT('Ctrl Pts',(-8.54860355221178,24.0651090205265,91.7042129406778));
#1455=CARTESIAN_POINT('Ctrl Pts',(-8.63443190558524,25.1259707137713,95.6030034496474));
#1456=CARTESIAN_POINT('Ctrl Pts',(-8.73455747538276,26.8348242751205,99.4479817970945));
#1457=CARTESIAN_POINT('Ctrl Pts',(-8.84184426327705,29.4453615896948,102.561883797767));
#1458=CARTESIAN_POINT('Ctrl Pts',(-8.91336580077051,31.5033292299796,104.189369601819));
#1459=CARTESIAN_POINT('Ctrl Pts',(-8.97773558414924,33.5784491437868,105.274370613161));
#1460=CARTESIAN_POINT('Ctrl Pts',(-9.04210789688251,35.8361906610065,105.961782116742));
#1461=CARTESIAN_POINT('Ctrl Pts',(-9.12793619412265,39.0382823634583,106.359646215269));
#1462=CARTESIAN_POINT('Ctrl Pts',(-9.23521734681036,43.3355555014076,105.94687990128));
#1463=CARTESIAN_POINT('Ctrl Pts',(-9.32103976165071,47.0771034605508,104.763302580687));
#1464=CARTESIAN_POINT('Ctrl Pts',(-9.36395593029012,49.0330589800834,103.97151112296));
#1465=CARTESIAN_POINT('Ctrl Pts',(-6.0648510102347,25.1911480448318,17.3673539054408));
#1466=CARTESIAN_POINT('Ctrl Pts',(-6.13368167544881,23.6933003756372,25.8788779337521));
#1467=CARTESIAN_POINT('Ctrl Pts',(-6.27137833052331,21.1990383974802,41.9442069480889));
#1468=CARTESIAN_POINT('Ctrl Pts',(-6.47787819959546,19.0408760684633,63.0922982301026));
#1469=CARTESIAN_POINT('Ctrl Pts',(-6.63851292096715,18.7780850636868,76.9980344295854));
#1470=CARTESIAN_POINT('Ctrl Pts',(-6.75323532209155,19.4466439213607,85.6023468290584));
#1471=CARTESIAN_POINT('Ctrl Pts',(-6.81059925299981,20.0237418582805,89.5720522130359));
#1472=CARTESIAN_POINT('Ctrl Pts',(-6.85648801992084,20.6518795193679,92.5517885615558));
#1473=CARTESIAN_POINT('Ctrl Pts',(-6.92532386617505,21.7799985200793,96.8215468861099));
#1474=CARTESIAN_POINT('Ctrl Pts',(-7.00564211905142,23.6751302744549,101.269518388539));
#1475=CARTESIAN_POINT('Ctrl Pts',(-7.09168517617512,26.879452404492,105.176673296712));
#1476=CARTESIAN_POINT('Ctrl Pts',(-7.14905109983005,29.510341766016,107.291628805441));
#1477=CARTESIAN_POINT('Ctrl Pts',(-7.20067991139757,32.1980559134736,108.722265559647));
#1478=CARTESIAN_POINT('Ctrl Pts',(-7.25230543355782,35.095310033394,109.624831238527));
#1479=CARTESIAN_POINT('Ctrl Pts',(-7.32114135281298,39.0980112117427,110.146567868841));
#1480=CARTESIAN_POINT('Ctrl Pts',(-7.40719173848202,44.1925628021887,109.674161686027));
#1481=CARTESIAN_POINT('Ctrl Pts',(-7.47603530775552,48.3588313451971,108.380652066466));
#1482=CARTESIAN_POINT('Ctrl Pts',(-7.51045064036258,50.4945591629951,107.534185120855));
#1483=CARTESIAN_POINT('Ctrl Pts',(-3.36513844940851,23.069038972909,17.0077874997563));
#1484=CARTESIAN_POINT('Ctrl Pts',(-3.40333671401552,21.5424155323603,25.5428998735698));
#1485=CARTESIAN_POINT('Ctrl Pts',(-3.47971978927586,18.9898889738313,41.6634615061375));
#1486=CARTESIAN_POINT('Ctrl Pts',(-3.59431158437585,16.7449557616425,62.9471871862148));
#1487=CARTESIAN_POINT('Ctrl Pts',(-3.6834295049922,16.4178545685091,77.0428615696617));
#1488=CARTESIAN_POINT('Ctrl Pts',(-3.74709151754003,17.0647919769405,85.8837591635502));
#1489=CARTESIAN_POINT('Ctrl Pts',(-3.7789214839182,17.6446371111268,90.0071317952962));
#1490=CARTESIAN_POINT('Ctrl Pts',(-3.80438636264583,18.2893287301093,93.1384317826797));
#1491=CARTESIAN_POINT('Ctrl Pts',(-3.84258265397127,19.4639896050917,97.6649752516696));
#1492=CARTESIAN_POINT('Ctrl Pts',(-3.88714127447447,21.4880069374862,102.530278869228));
#1493=CARTESIAN_POINT('Ctrl Pts',(-3.93488730541097,25.1033549158436,106.986564145046));
#1494=CARTESIAN_POINT('Ctrl Pts',(-3.96671651281986,28.1308172638257,109.438939911452));
#1495=CARTESIAN_POINT('Ctrl Pts',(-3.99536299743222,31.2425629644674,111.108826555851));
#1496=CARTESIAN_POINT('Ctrl Pts',(-4.02401073486769,34.582523188975,112.160326995564));
#1497=CARTESIAN_POINT('Ctrl Pts',(-4.06220699838955,39.1394248844246,112.76780599113));
#1498=CARTESIAN_POINT('Ctrl Pts',(-4.10995023813293,44.7857992033771,112.254084321932));
#1499=CARTESIAN_POINT('Ctrl Pts',(-4.14814358802357,49.245974338161,110.884460634586));
#1500=CARTESIAN_POINT('Ctrl Pts',(-4.16724272032707,51.5061578917409,110.000142039195));
#1501=CARTESIAN_POINT('Ctrl Pts',(-1.12199737628207,22.5645336537188,16.9223050112877));
#1502=CARTESIAN_POINT('Ctrl Pts',(-1.13473089035918,21.0310547801146,25.4630369850586));
#1503=CARTESIAN_POINT('Ctrl Pts',(-1.16020520796655,18.4647070641444,41.5966531326085));
#1504=CARTESIAN_POINT('Ctrl Pts',(-1.19840737492746,16.1991130443069,62.9126462933383));
#1505=CARTESIAN_POINT('Ctrl Pts',(-1.22812506458564,15.8566991356901,77.0533584134824));
#1506=CARTESIAN_POINT('Ctrl Pts',(-1.24934854260243,16.4984704662765,85.9505546300284));
#1507=CARTESIAN_POINT('Ctrl Pts',(-1.25996084503415,17.0789489880377,90.1104706115389));
#1508=CARTESIAN_POINT('Ctrl Pts',(-1.26845019630506,17.7275721967242,93.2778501999311));
#1509=CARTESIAN_POINT('Ctrl Pts',(-1.28118477952094,18.9132683737367,97.865478720019));
#1510=CARTESIAN_POINT('Ctrl Pts',(-1.29604380845891,20.9677968600572,102.82989736885));
#1511=CARTESIAN_POINT('Ctrl Pts',(-1.31196167621252,24.6809370822187,107.416911602064));
#1512=CARTESIAN_POINT('Ctrl Pts',(-1.3225743898595,27.8027238433507,109.949533596891));
#1513=CARTESIAN_POINT('Ctrl Pts',(-1.33212572489404,31.0153183785806,111.67633312641));
#1514=CARTESIAN_POINT('Ctrl Pts',(-1.34167638113961,34.4606785962955,112.763274083664));
#1515=CARTESIAN_POINT('Ctrl Pts',(-1.35441097941968,39.1494575422382,113.391142978276));
#1516=CARTESIAN_POINT('Ctrl Pts',(-1.37033035946268,44.9269549351795,112.867507776709));
#1517=CARTESIAN_POINT('Ctrl Pts',(-1.38306653637003,49.4568196151848,111.479729184871));
#1518=CARTESIAN_POINT('Ctrl Pts',(-1.38943329340859,51.7466530417267,110.586392952806));
#1519=CARTESIAN_POINT('Ctrl Pts',(-9.18485099360515E-16,22.5645336537188,
16.9223050112877));
#1520=CARTESIAN_POINT('Ctrl Pts',(-9.28910210951981E-16,21.0310681778243,
25.4630260025622));
#1521=CARTESIAN_POINT('Ctrl Pts',(-9.49760434134912E-16,18.4646919532961,
41.5967134554769));
#1522=CARTESIAN_POINT('Ctrl Pts',(-9.81035768909311E-16,16.1991279064973,
62.9126860058222));
#1523=CARTESIAN_POINT('Ctrl Pts',(-1.0053610292894E-15,15.8567361845589,
77.0535080617157));
#1524=CARTESIAN_POINT('Ctrl Pts',(-1.02273621527517E-15,16.4985316486104,
85.9506544096794));
#1525=CARTESIAN_POINT('Ctrl Pts',(-1.03142380826806E-15,17.0790285893777,
90.1105602571257));
#1526=CARTESIAN_POINT('Ctrl Pts',(-1.03837388266237E-15,17.7276554493077,
93.2778957599739));
#1527=CARTESIAN_POINT('Ctrl Pts',(-1.04879899425384E-15,18.9133791322415,
97.8654892226011));
#1528=CARTESIAN_POINT('Ctrl Pts',(-1.06096162444388E-15,20.9680288317889,
102.830001759316));
#1529=CARTESIAN_POINT('Ctrl Pts',(-1.07399301393321E-15,24.6810981728134,
107.416847936811));
#1530=CARTESIAN_POINT('Ctrl Pts',(-1.0826806069261E-15,27.8028437855755,
109.949443118361));
#1531=CARTESIAN_POINT('Ctrl Pts',(-1.0904994406197E-15,31.0154004546721,
111.676210742047));
#1532=CARTESIAN_POINT('Ctrl Pts',(-1.0983182743133E-15,34.4606186745681,
112.763120780408));
#1533=CARTESIAN_POINT('Ctrl Pts',(-1.10874338590477E-15,39.1492828591811,
113.390984346032));
#1534=CARTESIAN_POINT('Ctrl Pts',(-1.1217747753941E-15,44.9268418731748,
112.867434385413));
#1535=CARTESIAN_POINT('Ctrl Pts',(-1.13219988698556E-15,49.4568775605237,
111.479711561524));
#1536=CARTESIAN_POINT('Ctrl Pts',(-1.1374124427813E-15,51.7466530417267,
110.586392952806));
#1537=CARTESIAN_POINT('Ctrl Pts',(-9.19803671998203E-16,22.3719158906663,
18.0000116734856));
#1538=CARTESIAN_POINT('Ctrl Pts',(-9.29789259377106E-16,20.9233386392269,
26.1423700593011));
#1539=CARTESIAN_POINT('Ctrl Pts',(-9.50199958347475E-16,18.4328531173296,
41.8962749507505));
#1540=CARTESIAN_POINT('Ctrl Pts',(-9.81035768909311E-16,16.1991279064973,
62.9126860058222));
#1541=CARTESIAN_POINT('Ctrl Pts',(-1.0053610292894E-15,15.8567361845589,
77.0535080617157));
#1542=CARTESIAN_POINT('Ctrl Pts',(-1.02273621527517E-15,16.4985316486104,
85.9506544096794));
#1543=CARTESIAN_POINT('Ctrl Pts',(-1.03142380826806E-15,17.0790285893777,
90.1105602571257));
#1544=CARTESIAN_POINT('Ctrl Pts',(-1.03837388266237E-15,17.7276554493077,
93.2778957599739));
#1545=CARTESIAN_POINT('Ctrl Pts',(-1.04879899425384E-15,18.9133791322415,
97.8654892226011));
#1546=CARTESIAN_POINT('Ctrl Pts',(-1.06096162444388E-15,20.9680288317889,
102.830001759316));
#1547=CARTESIAN_POINT('Ctrl Pts',(-1.07399301393321E-15,24.6810981728134,
107.416847936811));
#1548=CARTESIAN_POINT('Ctrl Pts',(-1.0826806069261E-15,27.8028437855755,
109.949443118361));
#1549=CARTESIAN_POINT('Ctrl Pts',(-1.0904994406197E-15,31.0154004546721,
111.676210742047));
#1550=CARTESIAN_POINT('Ctrl Pts',(-1.0983182743133E-15,34.4606186745681,
112.763120780408));
#1551=CARTESIAN_POINT('Ctrl Pts',(-1.10874338590477E-15,39.1492828591811,
113.390984346032));
#1552=CARTESIAN_POINT('Ctrl Pts',(-1.1217747753941E-15,44.9268418731748,
112.867434385413));
#1553=CARTESIAN_POINT('Ctrl Pts',(-1.13219988698556E-15,49.4568775605237,
111.479711561524));
#1554=CARTESIAN_POINT('Ctrl Pts',(-1.1374124427813E-15,51.7466530417267,
110.586392952806));
#1555=CARTESIAN_POINT('Origin',(0.,52.463827578094,100.));
#1556=CARTESIAN_POINT('Origin',(-20.,-30.,18.));
#1557=CARTESIAN_POINT('',(-20.,-30.,25.5));
#1558=CARTESIAN_POINT('',(-12.5,-30.,18.));
#1559=CARTESIAN_POINT('Origin',(20.,-30.,18.));
#1560=CARTESIAN_POINT('',(20.,-30.,25.5));
#1561=CARTESIAN_POINT('',(27.5,-30.,18.));
#1562=CARTESIAN_POINT('Origin',(0.,0.,2.));
#1563=CARTESIAN_POINT('',(-50.,6.12323399573677E-15,2.));
#1564=CARTESIAN_POINT('Origin',(0.,0.,2.));
#1565=CARTESIAN_POINT('',(-48.,-5.8783046359073E-15,0.));
#1566=CARTESIAN_POINT('Origin',(-48.,-5.8783046359073E-15,2.));
#1567=CARTESIAN_POINT('Origin',(0.,0.,0.));
#1568=CARTESIAN_POINT('Origin',(0.,0.,0.));
#1569=CARTESIAN_POINT('',(-50.,-6.12323399573677E-15,13.));
#1570=CARTESIAN_POINT('Origin',(0.,0.,13.));
#1571=CARTESIAN_POINT('',(-50.,-6.12323399573677E-15,0.));
#1572=CARTESIAN_POINT('Origin',(0.,0.,0.));
#1573=CARTESIAN_POINT('Origin',(0.,0.,13.));
#1574=CARTESIAN_POINT('Origin',(-45.,-5.51091059616309E-15,13.));
#1575=UNCERTAINTY_MEASURE_WITH_UNIT(LENGTH_MEASURE(0.01),#1579,
'DISTANCE_ACCURACY_VALUE',
'Maximum model space distance between geometric entities at asserted c
onnectivities');
#1576=UNCERTAINTY_MEASURE_WITH_UNIT(LENGTH_MEASURE(0.01),#1579,
'DISTANCE_ACCURACY_VALUE',
'Maximum model space distance between geometric entities at asserted c
onnectivities');
#1577=(
GEOMETRIC_REPRESENTATION_CONTEXT(3)
GLOBAL_UNCERTAINTY_ASSIGNED_CONTEXT((#1575))
GLOBAL_UNIT_ASSIGNED_CONTEXT((#1579,#1581,#1582))
REPRESENTATION_CONTEXT('','3D')
);
#1578=(
GEOMETRIC_REPRESENTATION_CONTEXT(3)
GLOBAL_UNCERTAINTY_ASSIGNED_CONTEXT((#1576))
GLOBAL_UNIT_ASSIGNED_CONTEXT((#1579,#1581,#1582))
REPRESENTATION_CONTEXT('','3D')
);
#1579=(
LENGTH_UNIT()
NAMED_UNIT(*)
SI_UNIT(.MILLI.,.METRE.)
);
#1580=(
LENGTH_UNIT()
NAMED_UNIT(*)
SI_UNIT($,.METRE.)
);
#1581=(
NAMED_UNIT(*)
PLANE_ANGLE_UNIT()
SI_UNIT($,.RADIAN.)
);
#1582=(
NAMED_UNIT(*)
SI_UNIT($,.STERADIAN.)
SOLID_ANGLE_UNIT()
);
#1583=SHAPE_DEFINITION_REPRESENTATION(#1584,#1585);
#1584=PRODUCT_DEFINITION_SHAPE('',$,#1587);
#1585=SHAPE_REPRESENTATION('',(#464),#1577);
#1586=PRODUCT_DEFINITION_CONTEXT('part definition',#1591,'design');
#1587=PRODUCT_DEFINITION('2026-05-13-21-03-45-318','phonestand',#1588,#1586);
#1588=PRODUCT_DEFINITION_FORMATION('',$,#1593);
#1589=PRODUCT_RELATED_PRODUCT_CATEGORY('phonestand','phonestand',(#1593));
#1590=APPLICATION_PROTOCOL_DEFINITION('international standard',
'automotive_design',2009,#1591);
#1591=APPLICATION_CONTEXT(
'Core Data for Automotive Mechanical Design Process');
#1592=PRODUCT_CONTEXT('part definition',#1591,'mechanical');
#1593=PRODUCT('2026-05-13-21-03-45-318','phonestand',$,(#1592));
#1594=PRESENTATION_STYLE_ASSIGNMENT((#1595));
#1595=SURFACE_STYLE_USAGE(.BOTH.,#1596);
#1596=SURFACE_SIDE_STYLE('',(#1597));
#1597=SURFACE_STYLE_FILL_AREA(#1598);
#1598=FILL_AREA_STYLE('Steel - Satin',(#1599));
#1599=FILL_AREA_STYLE_COLOUR('Steel - Satin',#1600);
#1600=COLOUR_RGB('Steel - Satin',0.627450980392157,0.627450980392157,0.627450980392157);
ENDSEC;
END-ISO-10303-21;
